sha256,mutex
00602d50fdae860292bd6702af75abbf22488090d6f84dd8be1ed0bf1196853d,Global\Mon Apr 24 07:19:54 2023
007c920e568b5831e979a43e7f18224cc7c4594ddb965e02e32779c83f511721,Mutex_ONLY_ME_V1
00d3b0bd487b35abfcbffd6bc0d2e21b2a5adee125466b58e8af6ac930fb3e04,Global\Fri Aug 13 02:17:49 2021
00e8bc065f6f61ff73ce6e3894cef3444290f3187d24adb44ce3e40bbf1265ba,Global\Fri Aug 13 02:22:55 2021
017f168b38903b98ac28134cd9e65e615bca7b110bc5a70be945895651ec5d8c,Global\Wed Mar 23 08:56:01 2022
018a10df8f9628bbe170955866114fc81d21fcaf6863470fe40e494a2a45cf4a,Global\GMCM1
01e7815a561031fe449de0d3593a37dd45889bd80957bc86907299d6bafbb842,Global\Fri Aug 13 02:22:55 2021
023bfb1d0788bd1ef82f5f00bc44f7932d04cd23eb1873a49f7cce228f25f7be,Global\Mon Feb 27 08:11:25 2023
025308bc5e551921856a227f83c757442ba95ef681be34df862f25b5eeb94e48,Global\SLDV26
0266d505ec043f077b522e8590a1e6658e1e1a300b934208bc7a8612441be38b,Global\GMCM1
028636b08117609b51f3bdddb4d5659d36db7ca93a9adda149164f93299435d7,Global\GMCM1
028cd78c06d780db34ac915ca916c1b28cfb44bac10ddd98fee07a89e31828b6,Global\Wed Mar 23 08:56:01 2022
02c070b66ea56bbbc0284e7cebe2383f0cb37ef27da4729563c553135c60c0d3,Global\Tue Mar 23 02:37:32 2021
02d4f865787364badd5b0c8b0580b39108ad592045790f92b953d8a9cb08031a,Global\SLDV13
02fff0134e50063694bcb9db03f5fc916d43623e6650e7bf678e65331ba89f4f,PROCESS_
0348af1c3fb2a0fa59556a69f6ae0fb5e6088dd94eeedece0a20fb4a85a45c32,Global\Thu Nov  2 08:21:56 2023
03b5892f114604ee2677de259112004f706ddaab08bdbd74194e04598d297d0b,Global\SLDV11
047950d3cb4a582fbf84ebcc00fd40a95e13b65534e82bc84f3ab7c9f3c5d22e,Global\GMCM1
0480bec75cb9889b5cca00a8cc4299809d426d51de21c1dfe1b0e149973e38d2,Global\Thu Aug 10 03:25:11 2023
048280a3f09179e8b325c870f3d63cf1fa1843ccd89b824fd1029aece0553084,Global\GMCM1
04dc7e65c87a3fdf6d7e4802051153b546a2e177d331069258e9f55e2ca543fc,Global\GMCM1
050f2d529d3e28d672434994b3d19f1f78c26c1aa0e38760a979ffb9aa45aeb2,Global\Mon Feb 27 08:11:25 2023
0522fa52d0c7029d3e36d0cfdd66a1c4276e031ba4151f48093af2489930d62a,Global\Thu Nov  9 06:19:40 2023
05235a32c03b2fb0224572b7079160aba2fd078f858cf338ad9513b4241e626c,Global\Tue Apr 25 08:32:05 2023
0548a80d122c1a85d23d615a634c90b243c19f34488b6d77600240db8dd81c2f,Global\Tue Oct 10 08:07:11 2023
055126126db74719603b3978475bb0d7688bd6ee7b7c01edd4f8ebd64c244229,Global\SLDV10
06509094a50be43d9b6db55356ed95cce4fb2d2b1c5518abc323b6d492cc17c7,Global\GMCM1
06832917bd0321d2639687d394695b7dbd5b1e54415a7a4fd34898157d965426,Global\Thu Aug 10 03:25:11 2023
069fcbfdde255dc0ad206426c66666a99b8ba6618d45775d2916ae61f4e1f5c7,Global\Wed Jun  2 09:43:03 2021
06a21a61203c96a5c24b213a3afbfb9cc3e13147bbe30e225d71ad72c987b129,Global\Wed Jun  2 09:43:03 2021
06adc06857f47cebf92eac37044e8805f5475daae77712b80429ecfca0e415c8,Global\GMCM1
070df0cd43f418d11898d821eb57164660dab7f241312fa1f6fa86ea9d3d9ecc,Global\Mon Feb 27 08:11:25 2023
073de0dd6a2d05ec971984255b84e51e8b40fa26356ef4865fe4bbd04809c27b,Global\SLDV014
07fcd9cc7b57a0912f4fc102849e184ddd3fe88c8789ad5295e4e883255d493e,Global\GMCM1
0811b83ea26383a0bc28809e75796b4af51940d256e08bf07e94c00267dde085,Global\SLDV15
082c63ef08f87499c4a22873138fc15752b8eefa2c8903957325f1cd6a340153,Global\Mon Feb 27 08:11:25 2023
0830831465a2e8674f8a53b13196e632a69771d899b950d563542b80264d6dfa,Global\Tue Apr 25 08:32:05 2023
08617e7d9ffb1ce677f8d8ff428ec94e0fd322c096438d96b6c23cc67108e78b,Global\Fri Aug 13 02:17:49 2021
0908dc4be50c507d45bf8a5c2e87fda7025caa0a5778ab72fa931521c1eabf35,Global\Tue Oct 10 08:07:11 2023
099332b1463a0eb1acd568b8c62f09cfa3ed7ebfe8a07fb277a681d54f8a18a3,Global\SLDV11
09ad9ad2a12ea2eb605ca5bed8330032b6e32110f3910ba4f3df4ca2a866e782,Global\GMCM1
0a52b38ace179d37c46947380240f53292a49c7972a6c0bb6954f571def98cfa,Global\GMCM1
0a6d4fcf532eef9b671b441f423437960121cc18e66a542769680705255627bc,Global\GMCM1
0a7cbe099328225f899026694d7b02238c598d74d9e81cc4e302816814f44083,Global\Wed Aug 11 09:16:37 2021
0aaedb11f3f42fe51f0ea49fb2ff9daf38f0f3d8c25cdff6f58bc285f9980c0b,Global\SLDV26
0b443fe61d26670802faabdd74959e3072388815b4485228e3d8db9eb3f7f2e1,Global\Tue Oct 10 08:07:11 2023
0b4892173f04c8f516fda8e3047983ff7e21bb2e61c9a3e74d90a9dfd57cac6b,Global\SLDV13
0b5970045f02716b91af99acadef0d27e41b83b1b9a6c2c959a755143cb3754d,Global\Fri Aug 13 02:22:55 2021
0b6fea1113ef9d51437b52ea24d4e55964ab06c0a68e80784ee661d2270c05db,Global\SLDV10
0c1ace44e9b811d3c2515527692582f796303dae60a0dd3fc95765051050bfd5,Global\Mon Jun 14 03:22:57 2021
0c5a095d6227c414f08653b81ce88dffcd5d883e5bd4eedd5a39de9a2a67bb8b,Global\Wed Jun  2 09:43:03 2021
0c80ed9b1ef6fe917c3ed649dfa2b8564dd04758da7ca7a71449b34ecb7edb4b,Global\GMCM1
0cd1686e0e3815860e2d832afe292a8e2ae032c696e1804d8c792eb337d678d7,Global\Sun Jun 13 08:22:07 2021
0cda3213fda0f83861eba0e6e374c9f18e0c239199a0c718ad0916f2ca80b336,Global\Thu Aug 10 03:25:11 2023
0d113f330cb5433c0bcbe4d10cd477a992f199e404f0e1a4b28e2c51f25d7c02,Global\SLDV11
0dda69aba7fea0727de78582b609d8c59e5b25802d269df34757e6a660ad132f,Global\Wed Mar 23 09:06:36 2022
0ddbe6eea02d85fa29653df1e900ec02cb3d1962591b56f8c739d41fc19fffbf,Global\Thu Aug 10 03:25:11 2023
0e15a731ae760a65aa73359d26ad53c97bde202663a72bcba808143078ed005f,Global\Fri Aug 13 02:22:55 2021
0e55a978e50a1966a4c06f241b033ef1baa1b38a2b027d4e72fb407c44999437,Global\Wed Mar  1 01:29:48 2023
0e66d2bcb96c619d6ac8c26fc39660c3aa7ec264b804adb9cc318350790a4ee0,Global\SLDV26
0ea5fef721ffe2b28337777180e4b94483d9b1402d0c10392f26ecd4e1be5f72,Global\Wed Jun  2 09:43:03 2021
0eb93f2215164539aa275f6e78937700f4ce187194946d47a05b61d095b57fe0,Global\SLDV024
0edd0a3f6dd3c0a4b9bd3fdae537c9da314c06a6fda00c34fe1c9f966d601090,Global\Mon Feb 27 08:11:25 2023
0eea48421067553c3d194e866f46d9f21bfd170ac89d552571b823ed49345b02,Global\GMCM1
0f4c5c8e6b1f9b0772057fe3bbb217dd946390868c866faa7c15ca631b4bf7af,Global\Wed Jun  2 09:43:03 2021
0f5cb095fdfb2b0c7fe3718aae8ac6d05333f5e6120eee9d56943b468f5cff7c,Global\SLDV22
0f6f9bed970f2b373de41110e04ce2d361673d44a452d60b2f84453db38e67b1,Global\Fri Aug 13 02:22:55 2021
0f8b5c339c31e682e1247e3395316b4708842cebf7edcae2007fd0ac008c128b,PROCESS_
0fb6fdd0cd00a3ba1f0fd5c64aab96a5f710642572408e6867eb0ea5cfa45646,Global\Wed Mar  1 01:29:48 2023
0fc413ae0fd00e75725ca6862e5e22fe267220f87306316d39d2d8b25d553ac8,Global\GMCM1
1025d54a3c27f15823fb939669b1aac34c747ac7e136407ee39a9d0fafc8a57f,Global\GMCM1
107839ea362b087714139fc2d0b27d84dc89b98691871c74c03a1f3b0cf7c017,Global\Thu Mar 25 09:31:19 2021
11280ba927e69d04507946b4ddd5220c5efa17c293bf550c314e115f8318c146,Global\Wed Jun  2 09:43:03 2021
117d1a985d39d7f7fcb1633b26692ce8dd8a906654fcea9b757baf1a2eb2b17d,Global\Wed Jun  2 09:43:03 2021
11cdc54aa76cea915d4538073da71891f56dd5630b712d14cec2c41405507324,Global\Thu Mar 25 02:03:14 2021
128b7426eaa6aef690c461f3cd8a4c663a2b10c3660497514d2ee88a162e18e6,Global\Fri Aug 13 02:22:55 2021
12974702c9edf1d400247e75e4ded1afb14cdacddd724b7b9e4ed590cd7ac327,Global\SLDV10
129ea337b2f71d9d5f814d166ddae94ca96b2212270c0855d4490a1e23f265e9,Global\Wed Mar  1 01:29:48 2023
13807028aff87bc22f862488a71ee20bafd887300dd1e557a972e52a9d677c32,GlobalMIVOD_6
13f5fd12bc75fcaadc3e7f61b4c72ddb5d8eb2a3ee3719a1cb75612a62ff6502,Global\Wed Aug 11 09:16:37 2021
1436becde5c614bc3ee146364bee9f356aad631f7266b971a5305d28c3602db2,Global\Mon Mar 22 09:16:00 2021
143f324e1800165882cbfa720bbe896c46b82695f67187b355676851e776556c,Global\SLDV13
1442f974086421b362a281e975aa6b29cb8e8cb7529bf356515c7c6ff09c4f54,Global\Mon Feb 27 08:11:25 2023
1491ab3412c8827573220e4ae2d2261e3712d8cab962987c3456c34372bb3d60,Global\Tue Mar 23 02:37:32 2021
149be12e52549b2850667a5bc4433d1e05567b1946605c35f65d474aa8e237da,Global\SLDV22
14c2a91c97545f1873da407baad0fb7fa334f211eb224472d0f4c798ccf51fba,Global\Tue Apr 25 08:32:05 2023
14da3d29f82428a8222ce786569b2fe0a916f806e63d9013cb3a7b81b8fc31ef,Global\Mon Jun 14 03:22:57 2021
155c978faa587d1c4daf8b8fa6cebffe76f6e86b87ac4dba01e055a331c653ba,Global\Tue Apr 25 08:32:05 2023
15fe7dacd3765e1bb4f85babd616a057549d5cd3dc1dc60e2dd6ba0793e9f9c8,Global\SLDV17
160cc2a775c2b733f339a61468507caccbbfda684dacd4dc03ff15fa3d8028aa,Mutex_ONLY_ME_V2
16250b0d50e9cdc12054bb2a23519e56e6083cf9ba8f67aa972e3522195d292b,Global\GMCM1
16996842ee3f1b41b74628ec9eeba1db2589e3950188d0b4e0ff94df6a39560d,Global\Global1
17d5e4161d30aa8403eb2f94f2dff392d67b10e61dccb13ad22a30e89f2766c0,Global\GMCM1
181c5f27f22cd4174cd8cc666e02f85e36149247f1778684c582af130b90439b,Global\Thu Aug 10 03:25:11 2023
181e650eaa7e81296f82a2111cfa013b24bc04f9f93760bc87b25cfa431f4ede,Global\GMCM1
1848da6b83b42e38ce7f429801bd8eb724ef518a6adff48c6e6f695a5e5a9f1d,Global\Wed Mar 23 08:56:01 2022
19279dd1deae40d141105349525f11bd1a9e5b0eb017a1b6ada3fd75fa72c5a1,Global\Fri Aug 13 02:22:55 2021
196ee32b59265e0a6000665896b00772854a2bb4207a7346a898c51cd00a3b9f,Global\Wed Mar  1 01:29:48 2023
19c3aeee649ad3e190d837c7d355d7f32849d2c3a69a83f699f229c850dd3d34,Global\Wed Jun  2 09:43:03 2021
1a3ec73d295e7841edf114dbaefda340dad315605cc2727cb41f01d3c8f8f5c3,Global\SLDV04
1b48f5cec52c1102a07afbedd215d3923cd7eddad9a9a397b88d692fc9c9d92f,Global\GMCM1
1b51d56f4cabe9810ef1dc66849cfa44dcf037400fafe787bb6c9a744020655c,Global\SLDV02
1b5a65705e265a96ab81baa6204c3ac916eeeab16f39a7306ce32c6baee43636,Global\Wed Mar 23 09:06:36 2022
1b665601ce8aabe9bd804db3fc7ab916a4e564b1a61c214639b63a5a8626d83b,Global\SLDV26
1b94f71a2b88d0156d6ae9dcfb1296f829fc961393c06dd19180cf559f4cd549,Global\GMCM1
1b99bb72e3e46068fca9f3a8d5be7f9fdbb4a8d761472a966588d4724e7223de,Global\GMCM1
1bc6a99a5a656ca19765606b70003aac4b1394b3cbf0969bae6c16977945e1fd,Mutex_ONLY_ME_V2
1c0707e320d179e17a74bb21ed8fee2aad76ad950ed7b764ec87ba90c5e1232a,Global\SLDV13
1c31d06cbdf961867ec788288b74bee0db7f07a75ae06d45d30355c0bc7b09fe,Global\SLDV17
1c4aa00667e9e5da5cc4ff862962d450c4aeab2785a3e0f295e901265382a42d,Global\SLDV26
1c84ac460b89fa75ec342b9263afed1cf78a2b831d7654be3ae7ca7796115a7f,Global\SLDV26
1c99865f88d8257feedaf24dbeb3ff1ea22e2f39500fdf2948309e3a4f0486b8,Global\Fri Aug 13 02:22:55 2021
1cd58c244230583e665f87bf246995f40870705a8cd2198dce0bf3b9a1819a36,Global\Mutex_ONLY_ME_V3
1cd58c244230583e665f87bf246995f40870705a8cd2198dce0bf3b9a1819a36,Mutex_ONLY_ME_V3
1cffabb5de9b2d122058f87582aadb1e90d8d7df9aa56199cb47edf21f7761e7,Global\Mon Feb 27 08:11:25 2023
1d05f84eb3e598821073c7569fedeada1750c3871847ebe847806d9615657f40,Global\GMCM1
1d455d9fb4a23c0b7d277d1900abc763dd2648204a25ef45d3a524904b59b08d,Global\SLDV10
1d843ce54d5b4254932fca729d7231e0bb68906637dc0cd78ca6d4a6df6a7d33,Global\SLDV10
1d8630402a45433a165c13272e509b783b57fefc9623989f78262eda05eafbbe,Global\Fri Aug 13 02:22:55 2021
1da58c38357a85c4aaa13611ae985fadb78da9d58f17ce84dced232cf4ffa156,Global\Fri Aug 13 02:22:55 2021
1dc0be7a13142b6f370c03c6db4ec6f50c27cc3a1a7e112589342ce646ee2b4e,Global\Fri Aug 13 02:22:55 2021
1de22bae468f4aff0d016cd9393ad7fb41e338108adbd69b18675c656a1ff4a3,Global\GMCM1
1e09444afcb6edfff6c4dc7a7aa087d37322f83cb4d9fb73ac31ed14543df834,Global\SLDV22
1ea14324f3a8f9eb7a7c82ab340c5902c6a6da99f8f59414a40e8609096076e5,Global\GMCM1
1ec18d8f128a3fbe7b82bb50c750854379b084be72cb65d6620a119a12bd741a,Global\Mon Feb 27 08:11:25 2023
1f40a1190e207228db498dd8e2a942b3e10a1b00ca19272a4db7ec44ae20a741,Global\Mon Feb 27 08:11:25 2023
1f7ab16cef3b117476f06cb80018fe93dfb23c36ad3c1481adefe84214b9eef9,Global\Tue Mar 23 02:37:32 2021
1fb99787a2e968b7e658e0810561f8c6896cdd75b6d8190ff7fadf7f05a4d1b2,Global\GMCM1
2003d361e8cd56ce775739a8690a7c89eb22e11f48679f4ae95cd8a5df571b76,Global\Thu Aug 10 03:25:11 2023
203b64544c6f3167dadf94860c085366a3ad297dbe63f1527cd26b70f45417f2,Global\Mon Feb 27 08:11:25 2023
204129a9fef46c92d1822f1b389131a9f628375eb90863ca54235cf5f0e774d4,Global\GMCM1
204ce63da737c601ee7bec45112438721516526c635a4b6c59683f7d565c5f4e,Global\Mon Feb 27 08:11:25 2023
205392c84db872d0b045ca1e4e0867a403d2801dbf6a2aa6c20ca65302e5d119,Global\Wed Jun  2 09:43:03 2021
2058039288d596b2b2e02674e517f81afd7ecbbb50452107d0cdccdd0fd9f94a,Global\Thu Aug 12 02:07:58 2021
2088812e786db4ed936e1455487025f1e5a92c23419cae371e99f6f5db7cd765,Global\GMCM1
20a770c41817aa77f546a2078874c9d588d603755181372b1ff7d1eba5911dc9,Global\Tue Oct 10 08:07:11 2023
20ba2464d0d165136ea0efa80935c0626bf777ccaa6cbac8fa73e75481388fd5,Global\Mon Feb 27 08:11:25 2023
213de527e16d6d96c9722c9e3d2d6e241e8508783f1df835ac3975eb6cea0d4b,Global\Mutex_ONLY_ME_V3
213de527e16d6d96c9722c9e3d2d6e241e8508783f1df835ac3975eb6cea0d4b,Mutex_ONLY_ME_V3
21ce2867e7294cb1218fb61e6a3b6b0a9e12dfcda5176069ae0d6d26b531f0ba,Global\Mon Feb 27 08:11:25 2023
221f5cdc4215fbee5b600ed3e3435816b87ce2c0bca3e56f8579e0b5dc3d171e,Global\SLDV22
22a99ac08016e2c00e67c34d4dce9332369e315c2ce9cce8c26f4969a3875c18,Global\Wed Mar  1 01:29:48 2023
22caa3bd61d27317cad5ccb86af46944ccd796ac09f8c5b9db630169d09fc7d9,Global\Mon Apr 19 06:03:17 2021
22ffde78b5d25a0d0d38d17645f697fca53de3553625fe4b332721346dd6ad55,Global\Wed Jun  2 09:43:03 2021
22ffde78b5d25a0d0d38d17645f697fca53de3553625fe4b332721346dd6ad55,GlobalMIVOD_6
233be7077686672a1f3a11644115ab0b280764ac2514ce0c33e066584700f29d,GlobalMIVOD_6
2350a3d999c35b07f4ec7b63bc671629f8cc1dcbab3b5cd5cc869b08369e34f3,Global\Tue Oct 10 08:07:11 2023
23b2dae40f1d5e9723703ad308155cc7b6786c8fc91128333548bd178fffdb84,Global\Mon Feb 27 08:11:25 2023
23b73a271c3ebb224125e5d1ff973ae0dc5304d09469c7ddedec5a96b7667b58,Global\SLDV10
23c3a9ba84af2408cb0ba97c4d02dd9a12a626c130e9100dd56e2b55a015418c,Global\GMCM1
23eccfffb31187d57349b55857f67e76162b99d72ad55064c5aead01a5324709,Global\SLDV04
240cbad59b05f25a58c14636f611912531156f66333cefa1d448856290a5a08f,Global\Mon Feb 27 08:11:25 2023
2458e583e08fc29e36e84909b363ef8f4d01ce98298fe6f7c61ff3f042a0b153,Global\SLDV04
2482a5b13c0f15648775ec26672846a84bd1e4d3dce546b51fee342c2863837b,Global\Fri Aug 13 02:22:55 2021
24a4a60fc69466dee6e40ebd3ffe10790581206bdf4d88fefa495780f295b497,Global\Mutex_ONLY_ME_V3
24a4a60fc69466dee6e40ebd3ffe10790581206bdf4d88fefa495780f295b497,Mutex_ONLY_ME_V3
24b9071d8cccd04a9b945b5f82b4b44a0cacdbae06922ca15821199178f21461,Global\SLDV04
24f5ec40538c997caba0345b15adb8c314719465d91f2d0d0d6d50c01ba5139c,GlobalMIVOD_6
2565d2f3c6e69c319fb69c9e9f26bb6d6d139fde947501f21aa063c960d90ac6,Global\Wed Jun  2 09:43:03 2021
256a1292206219ec4e98a1a812cbc83ab9f005a30eadf891fee0f28f83ab396e,Global\Wed Mar  1 01:29:48 2023
25e3713ace4d5aab99216223774a21c20c18bf8ba05f3c6f825755112ab0fa26,Global\Mon Feb 27 08:11:25 2023
25e445a18cdd68e4b6fa65cf386901d439697e7ff38d3dcd905e2a386861f8e1,Global\Fri Aug 13 02:22:55 2021
2666736c1b9b7115a7d99052848ad66966b29ca415a1998a35f678ef6e2538aa,Global\Wed Jun  2 09:43:03 2021
2666736c1b9b7115a7d99052848ad66966b29ca415a1998a35f678ef6e2538aa,GlobalMIVOD_6
266bc316070f1bf218b1f284868748e996951dc6232627386507d9a7d2cb4855,Global\Tue Oct 10 08:07:11 2023
26cca12590023161c2b3ea301660d5114ad8812f41805ab0a3194803c2df1c4e,Global\GMCM1
272a635852004da3940c881b22a6b1b808626b998635b1e5e35b2544fa6322a1,Global\Mon Jun 14 03:22:57 2021
279b5147ba2f9583b689d2386f6e6f4a08540b1f85f45ff9833456280e11e101,Global\Global1
27ef4a1e18bbdc59bba7c48265f763e9b24cf51577cded2d02454e1133a91c37,Global\Wed Jun  2 09:43:03 2021
280d1e1ab4ed3f619a726710b050bc4e0a961d387b0b3fd49acb3ca0d7aac737,Global\Fri Aug 13 02:22:55 2021
2848961ab4a36594c3a0ccfa7af9c771b30bb5df955ebee6da572d2c331b768a,Global\GMCM1
284a966642559087bf3069374e3d6e5ef46dfb3dba76f35c8a29b29cd3881465,Global\GMCM1
2893ffa608c90ea2a00902c71e0df8e7d722f4b239d8b63d63bd676a71fb9c4e,Global\GMCM1
28c4d2e2b16280059cab84b42c453eae5af678eb9452be243ea0bca8a1187e13,Global\GMCM1
294b73d38b89ce66cfdefa04b1678edf1b74a9b7f50343d9036a5d549ade509a,Global\Thu Nov  9 06:19:40 2023
29c5831b383c27ef71a4ca77e3c7d569317728bd5bd3a7647fa966fb3c416434,Global\SLDV04
29ded7735abe390efc2ecff72787ffa3561ddefa10822d077cae6e9a3cf4cad9,Global\GMCM1
2ac5d3ab0e5c0f08de0cebd421bff7af0eed46a8ede7d74e3a9d0a4b66d2e171,Global\GMCM1
2ba8c2d09d13589ed5510d7a902e4e873acd106a261922839e700b39a0d03d14,Global\GMCM1
2bb7e3337f0b815bd6dee98e2cc8609093ad17a5069710454909281972da5606,Global\Thu Aug 12 02:07:58 2021
2bdce101631bad9ac7b971ea1df655c74882e906e3c62959ecb87634060d60f1,Global\GMCM1
2bf8666f6aead35403df97bb4e1213dcdaa3845df92ebf5a00f01e336acecefe,Global\Wed Jun  2 09:43:03 2021
2c2b5b4064bdee041d5e9d43d06fabaf79ea7f23224dac01d0e7ae7a906b8421,Global\GMCM1
2ca46511d11ad9461d61a5025c872e5b3d020c219939fde2a6f9c1b89dc120a7,Global\GMCM1
2cee3322b8e54b3fd39e4067610ebe22f77ac9c85f067575727286cbd0993d51,Global\GMCM1
2d0241ff75cf4c6bdef40bd14e6922211fc7d5df30e3002719eef4d7857acebe,Global\SLDV13
2d2de5554511e302e8bc1f9d1081837da750ae61038a1774ea19573f1235f2be,GlobalMIVOD_6
2d966052e5d291ddc01445309c05281fe72fa8098b7f6e706fc0439e83216e6e,Global\Mon Feb 27 08:11:25 2023
2de66b92f3ddd1bb22935e0df2b5d63fb297cb1678c3d0a1b133fe40e72bc10e,Global\Mutex_ONLY_ME_V3
2de66b92f3ddd1bb22935e0df2b5d63fb297cb1678c3d0a1b133fe40e72bc10e,Mutex_ONLY_ME_V3
2e34dac7274991d268040eb3ef00700a7b90268cbdc4b704b7756b03f23e1430,Global\Mon Feb 27 08:11:25 2023
2e38a9a47c81250ee36d6d26a2c749c13979cf37fbb321a3e95131b912bf73f3,Global\Wed Jun  2 09:43:03 2021
2e661bf7fea99f32a0dbbf8708e8f28327c477fd76a76522bd3013b76b6da6d5,Global\Mon Feb 27 08:11:25 2023
2e661bf7fea99f32a0dbbf8708e8f28327c477fd76a76522bd3013b76b6da6d5,Global\Wed Mar  1 01:29:48 2023
2e6df413a119550b59952f697676b8af8e44078206498ec993e50135a36f8db0,Global\MIVOD_6
2eeb8bb79da1cb9f4d8bba7403a52998e2a13883a1e28834e32c818b64e978c3,Global\GMCM1
2ef30d32d1654a23e60327ef224588c57dcadff3c0f8ebe2b8885603261fdabc,Global\GMCM1
2f0023d2b20229a9c2016ce0cd89146855466951455af32f52009c22dbf6dcdb,Global\GMCM1
2f254f0e42807613f1f2b39d1fa10b6b97af0642aeee6b9e1271263a573563b1,Global\SLDV26
2f2971bb062e2d19b78011142b22117682f4aba24c246cfb05557fe47d449118,Global\Mutex_ONLY_ME_V3
2f2971bb062e2d19b78011142b22117682f4aba24c246cfb05557fe47d449118,Mutex_ONLY_ME_V3
2f6331d2dfe82b920f9a03894382d87147f8498dcb3ceb01a79283b29b2b832c,Global\GMCM1
2f941776ec62cf11833134e12c394a4f09834d726319aaacf2f197bd5c67272a,Global\SLDV02
2fb726405a4314443e93933636c46d98af1497a63bde697c474fa952345f863b,Global\SLDV15
303fac38d998dc04c0ac72392967419cc4fee4d1b9890e063eb8663932ee8e42,Global\Tue Apr 25 08:32:05 2023
30c166e349bfeb89c3e4ae2f5d619fde6e69330fdf26fda10f7bff5201822232,Global\SLDV02
30e7e7dca61dea4f2bcb61f7828b9fefe815613015c3eac0127b8c0249bbec31,Global\GMCM1
316ba9dec449f0a60e988ceb7ba0275f061fd8095c3b775bfece5bff75d6e5c0,Global\Thu Aug 12 02:07:58 2021
320cc148b178111ad48fafac54ae78ef0923caf7ebfd6062030ac96584797110,Global\Mutex_ONLY_ME_V3
320cc148b178111ad48fafac54ae78ef0923caf7ebfd6062030ac96584797110,Mutex_ONLY_ME_V3
32379f16ae7e61bb7b6770ca9a608a3c0a940e20fa36a6700663a422ad685320,Global\Wed Jun  2 09:43:03 2021
329430fab37f521c12cd76e5839930b6552c17d872db7cd8a068850e8948c5b2,Global\SLDV22
329b5dd87147147c192e61df9d2ad12642827f5e6a3d03a42260c8f42f2d23b4,Global\GMCM1
32c6593ab6501befe0707a1e6826096d5b1d391c68959a56b596fde577d3da54,Global\Thu Aug 10 03:25:11 2023
32d548f22afd11fb4eacae97fed906808d20d202811a1d337f8eb98d03917751,Global\Fri Aug 13 02:17:49 2021
33b92d54553b3755977acf82720d8659a95274711978bf20e78d5071c748ad2c,Global\SLDV15
33d73604b981912ec0541c6bf8ba80cb8efae2482683a7ba42acfbcb06060dbc,Global\Fri Aug 13 02:22:55 2021
3520e2a7524140733fd59e495f6f9fb29f9cec418b85d5b4586f9b6b904e31bb,Global\Mon Mar 22 09:16:00 2021
354267e4608ac97b9d3ab84e6edf5d8e7b49c28399009dac818d41316b5d6a50,Global\GMCM1
356f302732cf78580eaaf3bd87248ccf3c58c0a35b2f0ec0d80bcbe6f611873b,Global\Fri Aug 13 02:22:55 2021
35817c774ca6ec15a553691679a4791cb1d529204ba2b86d139849c384aec2eb,Global\Mon Feb 27 08:11:25 2023
35a59ba4f38bdb461ec21ee68f9a00bdafb77355e231abbbab78fbca481e9f5a,Global\Wed Jun  2 09:43:03 2021
361251a00961c1b1b190f4445efd3b947ed34ea9a49320330471c57c4ef576d2,Global\GMCM1
36bd391dae6f4ceeef7bd55c329a1fa317ef4f2337cb815deecd9bd7b29f05e6,Global\SLDV02
378c372377bdd61f7002579eb1dbec24dab6684876733ee5a40cf8530e3852f4,Global\Mon Feb 27 08:11:25 2023
37b7716f3ff53c5b741f807e9b43a73eda23d01c0f4af4485b7b9bbda71a38c3,Global\GMCM1
38549325aa375815556cf636359af39c3f407073629641a09c7f66d06244626c,Global\SLDV02
3872ef6dfe19a17e28636f3ec0265d189a8df809d65405366b1e71941a945142,Global\Thu Mar 25 02:03:14 2021
388617acd5f1e1d41f53b52fe4ddf41edd9feff99c46aead3e296919221ab2aa,Global\GMCM1
38acd8058ef2e6a5043f66e56efd9a6c187126a9a2d57a07216ba1bd0ae1c074,Global\Fri Aug 13 02:22:55 2021
38d4000c14501f31294008436750cf78d7fc927a0f0f1597b1461efd2b90f9c1,Global\GMCM1
39119e55f70b87dec44e60665f9f6357346fa0ed1d3c96184fdbfab3f8d7071f,Global\Mon Feb 27 08:11:25 2023
3a175656cd777b4af001f48a91081e5cdfaba8be090e9033116cb84a61629770,Global\GMCM1
3a8220e47ddcda58cb8deb509d4e3efb8d163e5daeb3d3a0a4d3f310921afac4,Global\SLDV17
3ac3399f2c5360af48c0e52f96a316c78530e41639d02c5b2fc7396d0a488d94,Global\Mon Feb 27 08:11:25 2023
3ad8a103de995660adfddf2f1be11745b570bba20c468e2c2ca875a7ef9bc47e,Global\SLDV10
3b1b091dab2bb366f9da0e0e99fce107de73cfc19053ad68badd129e51011783,Global\GMCM1
3b1d028a30720f10379ea16121e733c31f1e204ede23018d3cca5bb6f9b53555,GlobalMIVOD_V4
3b5b4da5a83ed78041223051dfc12cbb3d774f3eaadc255cbc337cb79e5a071c,Global\SLDV13
3b72172fe5d33e3b9027d1f210b50debc3b3c30061640651c140ca6c0171bbbb,PROCESS_
3c1a692ced57ca8f0727ccb2653e9de532652e5fe36cfe707a612c57f38cda6f,PROCESS_
3ce7f8c66bf39b67c9b3d86d77d3ff773a682013213c71a99747406f3589693c,Global\SLDV13
3d01005c7e9014d5986f87b650a1d231e78eae3cd03359ab277b01e86ba8aa2e,Global\Mutex_ONLY_ME_V3
3d01005c7e9014d5986f87b650a1d231e78eae3cd03359ab277b01e86ba8aa2e,Mutex_ONLY_ME_V3
3d20199d67163edc34a1ab226396cfa626ec2138efcbd737b43bab95ee0fa296,Global\Mon Feb 27 08:11:25 2023
3d28111ec6e68f40c9d858166ad62c7766424cfefe969084eade37460bedf0dc,Global\Mon Feb 27 08:11:25 2023
3d38d20b4a1b9b5d04bb82f113bd1d582347ca50cb469aaa9eeb748909248f97,Global\Mon Apr 19 06:03:17 2021
3d435505f9eef31a351e38389f24e79d5a2014a0e68716114ae586e03fe627ed,Global\GMCM1
3d5152362524556a99c07442fe847ac63a072e2cf20db9e4ad4d39db2ebe9725,Global\SLDV13
3e162861951885d5e9b3f6d70b99ffa8dc7b05e9a3925456270e504f687461ce,Global\SLDV15
3e162c7a816033b9ca5afcc67baa9a60c77537f287ea00c13e86fc9696ee2f87,Global\Mon Feb 27 08:11:25 2023
3e36185f0596875a2f00f2d52e249989149a8b95bd3df4844235352844717e11,Global\Mon Feb 27 08:11:25 2023
3e36185f0596875a2f00f2d52e249989149a8b95bd3df4844235352844717e11,Global\Wed Mar  1 01:29:48 2023
3e5cacd86b31af413e30122b528c1e928e6e70f3507cbba60bdaabae388de285,Global\Thu Mar 25 09:31:19 2021
3e7b2a6f09e1e11efb997c50734217b05f687de5a3b831750068f4071359bd0b,Global\SLDV15
3ecb90261856234a44698ce9951fe53b1623810d9495c9b75fa7a20db8667475,Global\Thu Aug 10 03:25:11 2023
3edbaba4fc430bed5d8b50c65fb7d038edc900ebf8c0ca96f46e65b22e3d4d69,Global\SLDV17
3efdb549ad6f76d42321b465ec6a9214ce95a33880f642053eee0c4c255e042c,Global\Thu Feb 23 08:37:09 2023
3f0ea43ec62614c7683fff431471718644b2aee302c4ef915360728e46430717,Global\Wed Jun  2 09:43:03 2021
3f7512a0ccada331d9fd7cd78e8a8835e196efc68ee08c6630e3ac83bd8eb8f7,Global\SLDV10
3f86c4c151582bd6d011513f9790db2a27c11ffa0d89ba98ae37c44544f692db,Global\Mon Feb 27 08:11:25 2023
3f887996d5478ad334bf370fc3566305cb60ae35e41e1765bed66414e5183a4c,Global\Fri Aug 13 02:17:49 2021
3f91e1739999dd137930045d378d68e883c1b15375b88b2ebe01d831ab64ab14,Global\SLDV04
3ff87c69e4850f4763f3f581e6edd6ff6d80cf8a24f6d111143cab7fea870656,Global\SLDV15
40328990e9ed171f48882629d2a932876e396911721e03a5c4c753626e3ab9f9,Global\SLDV17
405d8622eb17097b7c9780b562670581e2df2b08d8a97b7f7f50dc1c21025e77,GlobalMIVOD_V4
40abd042512e22812e40842ba5fb7b5104034e76c245a26a941180dc38e5de36,Global\Tue Oct 10 08:07:11 2023
40e65a3cb214e1ff134347c1d5c502921564df083fd7353d6a7a9c660647178e,Global\Wed Mar  1 01:29:48 2023
413ddba32f3bc69c77d74d0231288e5d8959db037827c72db9a272747ed5c9ed,Global\GMCM1
414702b1ef6d0ef16f43b6cb2f39c8373b587b9a501e54e776fa0a58c57058d7,Global\Tue Oct 10 08:07:11 2023
418a382278e0390a3292d0042b5676f205134257f4fc2b775db6c32c35f74eb1,Global\Wed Mar  1 01:29:48 2023
419c80590ef3015a54fb4c8e4edc71c5b99a97e34f41e2bc7e8f046937182f45,Global\Thu Aug 12 02:07:58 2021
41ee9336e42861661faf06fe50d79118e56378c771d6f831f4f16e66dd68e38e,Global\GMCM1
42408d33f3faf57f43907db273cb0b359fdb0d9852badec7a4c3925f81aaf95a,Global\Mutex_ONLY_ME_V3
42408d33f3faf57f43907db273cb0b359fdb0d9852badec7a4c3925f81aaf95a,Mutex_ONLY_ME_V3
4260672c36a7b13698b73b67385c7152fd74f5df928d01ecb3f6de1cebd3a5ed,Global\SLDV13
426c1157da9cae84a08a97714d9e41c209111ba88765d3f13adeca26c21df4f6,Global\Mon Feb 27 08:11:25 2023
428c333492457e33911d067838a7c9a00c3b20284e0fc09fb649856adc33b40e,Global\MIVOD_6
42d3323886167dfc07f1fe9c491203a532baca7a70c50d18ddea87689cd74b46,Global\SLDV13
43333b88ced7f70f487657fa2db06b2c9b2dae3bff9eb08319b84894920f8e38,Global\Fri Aug 13 02:22:55 2021
43510f3eae29b9052ffefab34e21eea36172e7651b0026ad98cb9fe4099cce0c,Global\SLDV04
43a463f7a9a5bc968052e1cc09cd8dfbc4c0154cf93b5410470681623ad774fa,Global\Wed Mar  1 01:29:48 2023
43c62a80fa50e32e5c24b2ce8272196e9567024c3cc48fad66dd7895ae2271d2,Global\GMCM1
43e94d32013ddbeaafacb3ca2150f9a101afbfd52296167e002cac960a404e8e,Global\GMCM1
448097ea0e839af1537079628c2e08d6d6e69e67c225a9db0cc61f4ca3489b9c,Global\Wed Mar  1 01:29:48 2023
44a499ece20de2d017ffb6dd4fe9231e45da4bcf43eb85df9f5a61d06464312c,Global\Mon Feb 27 08:11:25 2023
44d1649f387614277049b5b175fd38be8e144e71601a7e74a84393330be47217,Global\Mon Feb 27 08:11:25 2023
44d4f13db91f690e9a419c9e68c157863f65d183e45c1253b6c0647d9ac09b6c,Global\Wed Mar  1 01:29:48 2023
44edf77bbf41f622da9362526bbade6d87cb19359881c028e7ad7d93f5640d14,Global\SLDV22
4532a32d6e879f0cdbaff5eb26a3c0a0a91529705113cb5d1180fb1236a3ef12,Global\Mon Feb 27 08:11:25 2023
45538317e13f4e1ec9bcb34596fc85da4d8be57ac5a0b1bb2a7c652c5a7a4d2b,Global\Wed Jun  2 09:43:03 2021
456469d0bacd435c5857e2693f8e8c4dd303a735698f81d8d284c9c758191831,Global\Tue Oct 10 08:07:11 2023
4615db77d3508a14fc999a1b84eded27a191944a08dd6fefacb1e8c0760f2a66,Mutex_ONLY_ME_V1
465d8d0191ced94b0843b58c5cb407ba6b4e5e9784b12d2e7d23aca6e1f2bf37,Global\Mon Feb 27 08:11:25 2023
46f11dc7e56a5132638cc8d56cacd2cd5adca5811b12e32d49c0aacf4d783b69,Global\Fri Aug 13 02:17:49 2021
477d739ef691225a0d2babf95ff24db99ecf93dfc25ad76e5efd0aaaddf1c4a8,Global\GMCM1
47e8cb6e501017101b102b2ff316c22d19e4d74078f364c81d26e13f12fdce78,GlobalMIVOD_V4
484fd0bb354050e8f93f09adbd98eccc0366568dfb269b4113fd46f112c82e1f,Global\Mutex_ONLY_ME_V3
484fd0bb354050e8f93f09adbd98eccc0366568dfb269b4113fd46f112c82e1f,Mutex_ONLY_ME_V3
487624b44b43dacb45fd93d03e25c9f6d919eaa6f01e365bb71897a385919ddd,Global\Thu Nov  2 08:21:56 2023
48dcd2aeecbb87a1864699a493a0562e1a74cc7589170ca57521a4e898eacf46,Global\GMCM1
498b41a41fe0cfda65e7591be244e7da25761e80410cb2f9a36cfa3de498e615,Global\GMCM1
49a5c36ef048af5b23a87c44345f35d672ebdfd5ea7b5780b49d9cd98b0ace56,Global\Fri Aug 13 02:22:55 2021
49c84411a050356cebbaaaa0fd61e9babf8d0ad895d42adfe58e0f239ebc7437,Global\Wed Mar  1 01:29:48 2023
4a064dd43ac7045a06bda98de4c1b31c2be36718374401fe4203ce9c9ad99fa6,Global\Wed Jun  2 09:43:03 2021
4a276bed38b5f79f203339cb57a7e931fa8343ad61dc3069324e23dc03a680df,Global\Wed Mar  1 01:29:48 2023
4a3389538c0acdf7b9398074e0cd1c74a93b2761fdb68f7e4a9e123d05b01337,Global\Mon Feb 27 08:11:25 2023
4a70cfd084e684839bd98136c860231ac202e860f8e4ac4481885bdce4e1dfad,Global\Fri Aug 13 02:22:55 2021
4aa58327d03fa34d92a067359964d1fefa2751ceafd0eb2a2f3c2b01226bb625,Global\Mon Apr 19 06:03:17 2021
4ab2b518047dccb5d927b3f1223bfba78052237071fac14406a5eefc6c4490ac,Global\Thu Feb 23 08:37:09 2023
4abe7cae1ffc4a5e56beae3390ff5978690a9a3802b76b293c927468acdcaeb7,Global\Mon Mar 22 09:16:00 2021
4ae8fb46995f3f139845db199e1a6efe092c0d3bb47680ee27ebf496d32da2de,Global\Wed Jun  2 09:43:03 2021
4b166b909fb4bfdbeb62306ff2e6a1655957831a6735504c5ef7004ad4680db0,Global\SLDV15
4b3cddc7fce05bc70546ee334eb78653af69c55091ac06101b7eb4e41de99354,Global\SLDV04
4bed83f46e79b7c4ec57144557f58f5f8215132aefdf8d8f7d7e8841d17262a0,Global\Mon Feb 27 08:11:25 2023
4bf75df0e27209fbebceeac4da953c69b29f57dbd816f370f87e67e14d7ec038,Global\SLDV26
4c1a71cd9fc3f55fac3b1bef7b33ba1abd35d980e37b6fc768b63701b6429a21,Global\Tue Apr 25 08:32:05 2023
4c4bc775f3b25cf9e05f80e6e64e470095d3bbd4060c790b1b8e377927792446,Global\GMCM1
4c943b1f9773c9f99acddb00f809ba260cb0b637863ba4b7029a64246f8edf80,Global\Wed Jun  2 09:43:03 2021
4d01eb7a58be6ce2a10bb1139c0ac36473abc4fe0e342bfff5b1efbf3be52967,Global\Mon Feb 27 08:11:25 2023
4d6f16552587dcdc87d00b70addfce4908b6e202e9d7ee5b640698be517d22c0,Global\GMCM1
4dbfcdd0ca751ae54183115879ad115551a4b5b5f1c1a34cb6bacc418e4bdc3d,Global\Mutex_ONLY_ME_V3
4dbfcdd0ca751ae54183115879ad115551a4b5b5f1c1a34cb6bacc418e4bdc3d,Mutex_ONLY_ME_V3
4de5b08a45e7897fdd5ac3d470957fa7c12ae2f48a75dbd8fcfde6688c52a925,Global\GMCM1
4e147f9e33ba559797d8d9d05900ec7890ad2b1e9435ed4d214ae6a64eb70370,Global\Fri Aug 13 02:22:55 2021
4ebb8ca9c15323101f8a4790866729e4be777fccc2655bff089c804e67d07b7a,Global\GMCM1
50457e10a7d1fed7d059582527cdf91811f4db381f581647dd328d0a09b5cd1f,GlobalMIVOD_6
507d21498cfbd3b8ae8a920d8d3b902b5171b80b5e866c419520fe32d52a9b19,Global\Mon Feb 27 08:11:25 2023
50b8252464f76d52c656f9e34d54009f7a0f899acf06f21885cc3449d258c4a3,GlobalMIVOD_6
50bd75c5da1c76e5065014db0107f055c589f7e9d62601e1f1767ed4d367dfd8,Global\Wed Jun  2 09:43:03 2021
50f072c5c089b0b87d3f4cd452b45701e9a98c5ecd7fe012a434aac84f13c980,Global\Wed May 10 06:38:46 2023
515df446a33136998b0757cf7b69a30632a4b8306962173bd240f439fa46dc6a,Global\Mon Feb 27 08:11:25 2023
51ddc1c9c3b7a536a8feaad76fdc450122664b49511ab7cdbb6945d52cbe84a4,Global\GMCM1
51e35cdbc9cc8a04197e431fdcf396e25d1af0edc5e9411b2b469101a9e5b2bd,GlobalMIVOD_6
51ee17a1f36c0eb3afe9e242ceb9bd8ec27b6cac03e07c53b15d603ff46f038b,Global\Thu Aug 10 03:25:11 2023
5226e8a345e62bf85385773aea8928de73cd03ae19af206b098b03f5d54abf24,Global\Mon Feb 27 08:11:25 2023
523baa20df1bf07ef46132c1774d301f6612ac6908254634539efbedc5c76e2b,Global\Tue Apr 25 08:32:05 2023
527ea3f60e6752d3921c41d438435c295a800ab8c1084d9e3820b23da9be320f,Global\Mon Apr 19 06:03:17 2021
528f05cab1e6d948ac878ff8cf1681213a8971dc7f37e878ec5a440cb1de8071,Global\Mon Mar 13 07:29:11 2023
529047a193862fffdeecfe215fe375be41e9a6b61fbe508356f9e7a5c4efb9e0,Global\SLDV13
52aa0f4ee2a44af123cc6dc4e5467526119cd4cac9685a6a7deb22dd247415ce,Global\GMCM1
52c63f264b358ce355090bba099f253058108065b38521fbb0d77beef938a0d4,GlobalMIVOD_6
530c20b76232fde13e0a2039f6d09f3229a59b85a03ddbd65b9bfa8758dcfdfc,Global\Wed Jun  2 09:43:03 2021
53265e0b1ee2a14c0aecdec1ec8a724d088c40bb221dd5def9d0c32d9865144d,Global\SLDV13
53a07c2f259f3f6830e5857b4ee73215408ef148bf0e6d88092db18ee3676d20,Global\GMCM1
53ab78a902d3d858b1101abd6f7745f310c1043b7a35c1aaa34d88cd66e6dce9,Global\SLDV04
53f83f37df4b3cf9fe53da5b9e78d24ba96696279250282906ff67d041aff115,Global\Thu Feb 23 08:37:09 2023
54114d89c4c028bb84b86944cffb5e33435cd71d5e019d9171ecc4ef70a9ed0a,Global\Mon Feb 27 08:11:25 2023
54247dc248ed78962468b7a0e870053888a1efff759694d2f9fa7a7d0204428f,Global\SLDV11
547630b4eb91a3517e9902578b441798fb98d34aa0228aaf95b2cd880c29ac90,Global\SLDV22
54c7f49da6a4d15593469a3391e374d4f90825717c803e5c574c30658decf898,PROCESS_
5588d90265f5794e6a2aee52966f5546eee55443e7f535c5ae70e60eb58a643c,Global\Wed Jun  2 09:43:03 2021
5593a926ac642d38eac4509d21aa894bdbe38cbc9ab9ec42669e6d72dbb7a083,Global\Fri Aug 13 02:22:55 2021
55aa935e87a55dead513683172dfb91389f56ecc4868e6aa4f2ae46289922aa5,Global\SLDV13
5628c3bf55ee51b8a8a2ee161a6464896bb5cd9ba2c3675b9f131547e1109641,Global\SLDV02
564efd7589f41cfa3e64aaed20c105a772c1b3c370bdb516b23d35b8969283ac,Global\Mon Feb 27 08:11:25 2023
564efd7589f41cfa3e64aaed20c105a772c1b3c370bdb516b23d35b8969283ac,Global\Wed Mar  1 01:29:48 2023
56b6f55edc2ff2560db1ca50b291dc23481c53133321e67f6158fe6ab3a2a7a6,Global\SLDV15
56d1a67dd6e7f251d7e52c42f002681f532d6aaaacfcef17c00f083f2d40d882,Global\Mon Feb 27 08:11:25 2023
56d61a4477c816e048d4aced164cbd3027add64c9e907fb0edfeff3e759a133f,Global\SLDV22
56d7bd0675c1d6d3eeb4b612c6216bbfff3ff954ae50a635e923175147209311,Global\GMCM1
570973ea724bdccc0a57fe6bd07fd556fd1f820f375a0486a0862bf201a26ab3,Global\Thu Aug 10 03:25:11 2023
572d88bc535f6565104e6600b0fee7143d15693de30e73a9af767065dcfe9181,Global\Mon Feb 27 08:11:25 2023
578f6967c3ee1bc046da77dd84389c8142ea8065d6ad374dcf10977a206ff821,Mutex_ONLY_ME_V2
57d0b77ec012bfc6540af896ea0953a2bdbf33e560c1bf6fde92feb97ab1b3b9,Global\GMCM1
5806dfd50a160ecdef27916a69967c35689c51834d2db53467fd061ea430d2c4,Global\Thu Aug 10 03:25:11 2023
5903ce428a600edfe78ebae88d1c0ce396e8af01dbcfa235d3216497d6e29635,Global\Fri Aug 13 02:22:55 2021
593fda2ef5068125bfd197f0b6b71f012e3a446e26bdf959628e8ec0334da145,Global\Wed Mar  1 01:29:48 2023
596134d6feac916da551ab5f3211be8b94194164ef9f663896df497fb3bf9e98,Global\Wed Jun  2 09:43:03 2021
59845d750b00f4b7a2d9de5b8006d641aab87bc46ca6776eaa9448a432ac07a4,Global\Wed Aug 11 09:16:37 2021
59af5bd65673193b5341519d78763e87df2d473877b60d0427fb88d9f36017fc,Global\GMCM1
59e33fd000ea1432ecb16915942d2523235590da6cc41bd1f15932a316b628ed,Global\GMCM1
5a8da98f7c6819c7b2e2256a44ee18235f905e19a81b917464285f0e38b03486,Global\SLDV26
5acd5e00ed115bb836ad070c1080c34978a2ecb820a37b50aec0dbd91cd94494,Global\Wed Jan  5 09:15:56 2022
5ae16890aa9daad517d6fd26ce6e00b01d125b7962793d11967280c27187dc7d,Global\SLDV13
5afee9b962feb958798eb851b2424f961cd21e1e0cad1abb87b0b47ce64224c3,Global\Wed Mar 23 09:06:36 2022
5b0d9cbd14886faebad574d3115f1835eb69e41388fbe8e88ed9719ae4473fee,Global\Wed Jun  2 09:43:03 2021
5b52761e9785271be81c703c777ed7e0e1d57001fe0c19f9d866852486495afb,Global\Wed Jan  5 09:15:56 2022
5bc01040412d32b139d0ddafe90c66d90984005a0c0ad17505f29ea6bb4053df,Global\GMCM1
5bc2a90dd745794b4919490bf17f72c3229a203b4addc21e759d0cf664f57f1e,Global\Wed Jun  2 09:43:03 2021
5bf30f0d1f65121cfee3ed9ac0bedb35ad915268a67c9fd67db781a9f65967c0,Global\SLDV02
5c1e759cce8c7b9dbf285c9df9c2e83ec8ca237e7e2b42300f7adc8ac48b7e5e,Global\SLDV13
5c23b415dd36d9ec68e78f59d268449062356ff4d0568b0ee92f985b9c58d5f6,Global\Mon Feb 27 08:11:25 2023
5c2e3347bd0c71d2b78cabd731d01e0d37f579bc3d193480d831fbeecb929a55,Global\GMCM1
5c372d8445c2281ee240225bae7b035e7eaedf7950d65e49fc745381011c246d,Global\Fri Aug 13 02:22:55 2021
5cef45f650bd786620edd100fd76ad43bac923fc5de64b738a75712f8a922b5d,Global\Fri Aug 13 02:22:55 2021
5d06fd0bf06afec33f196c712e612aec3ab5d8ef9ae6eb74fdcdb5bee5fc966a,Global\SLDV26
5d3f5a662837f8cc8b00eedd2a3b2fddd27e19734f17eb603cd6790a44b23638,Global\Mutex_ONLY_ME_V3
5d3f5a662837f8cc8b00eedd2a3b2fddd27e19734f17eb603cd6790a44b23638,Mutex_ONLY_ME_V3
5d64ef488abfb3188b8d4b714b3573ed71aefafed6ab66b8ae926a4cf6e735b8,Global\SLDV15
5d765a3b49cdd3bb2ba74c78b91886407c8c862de52176b5ae64780a583dff1f,Global\GMCM1
5d98d0e74064e4c9a8ad91211cc84060558af82ba3b4681f7169c9191f3c9493,Global\Mon Feb 27 08:11:25 2023
5dd3b32e256cb71808e70ae192f3c22d0e9dc1cf54bd87937e6c0354f49a6ba5,Global\GMCM1
5e438e00f66cbefbc69e9280e681cb17f38d002606421d8e343686f9d64b6446,Global\SLDV26
5e4c28598beb36882e91c9730c3e9c4b7224e28df2b97f5dc28a21869cabc592,Global\GMCM1
5e651a34ebffbf82bf4421ce8f85f54ee826d23f04bceece797245e8386c9887,Global\GMCM1
5f10893e42656354e0023b756694c6b3fb78fa497e6e874432c9ea7e29b44e7f,Global\SLDV15
5f692ca6a315fbba3fb09753881745b2af5a01205a126b3ef45bde1ff54303b4,Global\GMCM1
5fa8ffd70bd362ba14483d4e0be295a0112a4ab903fb623aed08e1c3adedefcd,Global\Tue Apr 25 08:32:05 2023
601f8e0293758d7c9a55c636159d56e6f408fcb0894f974a2698619a9bcabee5,Mutex_ONLY_ME_V1
6057e19628b958097cd580eda2d678f2ddec251103d36ed5507fcc4168e4a139,Global\GMCM1
6061b33cce0f96c2c49e61cc05855713a22f330aeff052b2cb2850053322dee3,Global\Wed Mar 23 08:56:01 2022
607b91d73980c4591bcbc0dca0c7838fc279e11983eb5ce25dc6f07333b25623,Global\Mon Feb 27 08:11:25 2023
60b047870de4d05ce0c277393309906be2ea6a7b7f778c0569c8b211d08ef488,GlobalMIVOD_6
60dfd30843b6be14acdb8701cfe2aada4becc61f5ecd8434511bbb60a1cd11f7,Global\Wed Jun  2 09:43:03 2021
6141f2f9dc37f5804b42a5eca6a23d15dc37d2b66e04ac18c6cbe7d38bcb2982,Global\Thu Aug 10 03:25:11 2023
6144217bd3e2ea5df50ed62d63f8a5ed29ef7d7e3e39e110c4ba07ce4435d42d,Global\Thu Feb 23 08:37:09 2023
61547175c9c7492097b857b5eda1e0c850bc21f6f8ccf89a6ee8edcc637d2956,Global\SLDV22
619f658056a655f7f4ebf1aac19a9db0d519d20f343f44485ec5525635b352d5,Mutex_ONLY_ME_V3
61e4f8ff70122b075c3c8f38dd0ce0570a1d0eb49d65375d723a1bac5d22c3e6,Global\SLDV26
61fbb663b5a3837ea92ebe39bbd1889de31b092aa445a50b062f1c652c1df5ea,Global\Wed Jun  2 09:43:03 2021
636c3dab16cee11f0cfa627f3df3d13f0df73306fdc1d78f9d373210bb1b853f,Global\Wed Mar  1 01:29:48 2023
63d759818e85802b64542a5f683dae11c35500145f264d98bd826e79bd22e359,Global\Mon Feb 27 08:11:25 2023
64229565743dbb739b086e472bc5db415d7b0d13e2349b51f59b652e3293c925,Global\GMCM1
657b4f9550c688aa92b31c750d0ef69ef96ff5d0005b3b3dc3101ca77597df1d,Global\GMCM1
6594c968275951e194e5f7672ecbfe2a8a96940ca688c43a2a1a611a29b04151,Global\GMCM1
65a1aa8544fd2bd63a112649fae3ee8f1c2fa592e8b9ab15001230e5fb812a87,Global\Fri Aug 13 02:22:55 2021
65a2a73ee3b29e22135c314f3ebb856a08196df25deda38312c82a972641ea84,Global\Wed Jun  2 09:43:03 2021
65d4de8a532607a64061ffc5eb5e92b96a124d07d14c2c6e46ab8859a7528a53,Global\GMCM1
662639e148721c232c9b127f8b1a4bcbbc40cac60f9ea21d866044ef4a4cd5d9,Global\SLDV13
662ec226f5ea33424ae1ee9351e3c4919187ce665d5b961cc14b11d62e75eec1,Global\Mon Feb 27 08:11:25 2023
66a453d07b810d7eb3466bc7fb90575e5f2c699a6578d4320822235a483c9f89,Global\SLDV26
66a9f0f8b66f89159b8e507bb0517ee1ff180274bc0771709ea844aac3617e69,Global\SLDV26
67043559b1bf13aa158f9d938671e49bfd7eaa6ab060c854789a1012301abc3c,Global\Thu Nov  2 08:21:56 2023
6723c6f70a1c5bb07a58c41a7368965776b701580405797e9f30428e18e2bd83,Global\Thu Aug 10 03:25:11 2023
6738c30f55fe6f440f0fbd52f094f51b763e06cf17d15bf7e08f78e81d79080d,Global\GMCM1
67991bfa6c69570b5923fac7953850becde48f16a1e1254bd77a8fee2729cf2c,Global\Wed Jun  2 09:43:03 2021
67d1b35ea6641ad3f2674c905882ff06e9d57d4f7634cfeb910bc57b3205efd5,Global\SLDV17
67d51491bf6f3065aae7c64d929fe4bbaca01096c1dccb624cd5668ddfe6647c,GlobalMIVOD_6
67ed9e739539b147e5af7506d2d88c26f0bf107927969e652dad785532992c47,Global\GMCM1
6853f87257b9ff84d938a4d26172f106e5fa7d9942842d138aa4becf91feb3f8,PROCESS_
695e52aaee6e2bbae5ea03a021025accf0ca8bd79ebe99b254ffc1490cfbd5fd,Global\GMCM1
69a3e065f4c7d39d0ea9c1f55ea89dc26a90a2da6e34ab0cd61ac6d999602fcd,Global\Mon Feb 27 08:11:25 2023
69bd5255ccf695786b885db93d233a712d0590fafe3cf0313a40e9bbdeba7565,PROCESS_
6a8450e3b166f855b86e0a68561fb22ba28da8361b026cf79b00a9ff88224b2c,Global\Wed Aug 11 09:16:37 2021
6aa9a9afd812776e36f6a337202e32356af5c29a81586ee26771430b98b6d587,Global\Fri Aug 13 02:22:55 2021
6ac19540aa972d1ed10d8b8f87bd2867d08f6bdc5abe1a77a7eb2529a3e8087e,Global\GMCM1
6ad7bddda1115d3095378c566fcacbe78ba59692805c8a79cf5d5d8b48417f77,Global\Wed Aug 11 09:16:37 2021
6b1e458d597c959ba25bcdfee9af201d3efc8382d24250ecf9cf9f900bd07665,Global\GMCM1
6c370a59762421f3ae303369cbc3ffe11e06c16d960a4ae1cfefacea223e208a,Global\Wed Jun  2 09:43:03 2021
6c753f55da567d0b92bd2b11600e40f80ed6a0c4c83086683439f55c89565c8b,Global\GMCM1
6ca3a66a2f222f6139a36f37cd8bd90a749573fcb42422ecac3f3666acc277dd,Global\SLDV10
6ca6d0919c77cc197df561c9835112283e3d5908e821ea83ea5a6fca8ba64f4a,Global\Mon Feb 27 08:11:25 2023
6cbdd883bd20d29c9c880c2c7bf56db42120cbbbd79705347a0f5fec3dc893b5,Global\Fri Aug 13 02:22:55 2021
6cc23502bfab04e2f93cefd4604f07beebb2f98ef071a05f894061c998d1c1f8,Global\GMCM1
6d0517ef5d5c97f623a64d73cc4dffc32f49dc5bec85e5c14e1617a2feb86511,Global\GMCM1
6d261fae2bea6fad4aa4359fadc7363f54f0b4a167faf635f5547bdad99ba19e,Global\SLDV02
6d352ddcf0208917ab2d67126e852362f8ebfd97f769053dc4a1876a57ca27e7,Global\SLDV15
6d6d0ceb8916596defe770b0032913e2dc28391067d1b99563a216ad91fa19a2,Global\Mon Jun 14 03:22:57 2021
6d7bbdd8102dfb5fa943f92afe5b86782bf23b7655a33573de46dd8cf7b75b68,Global\GMCM1
6d8378a2e779c76041e0ca3552cd2a6333bd9181a701a8dccecee5f870e72832,Global\GMCM1
6da1df36d3c9c7005021d875157e2e157e14e782de29dbcce9d60134680dfb66,Global\Wed Mar 23 09:06:36 2022
6e73c7992c684c62c931da25fa7cc7be7ec539674ce2e8c3064407e363e91578,Global\MIVOD_6
6e9b3e08c8e51f65d0d2eafd98c4b04b3ee18d0acf6362404a25dd74977f4a7c,Global\Mon Apr 24 07:19:54 2023
6eb2cc22daa6ddecb934c2a4b80bfc5df2366ea7b75031736d0c3a463df807bc,Global\GMCM1
6ee4a27e247a72d64d3567b2eed343d0413ea87d43f948937431da402ceb1c53,Global\Mon Feb 27 08:11:25 2023
6ef25b6250270d7c423cc38ad8e9e857bccb0749128de18369afc260af705232,Global\MIVOD_6
6f8ab3443d48142e1efc1fe3cbb0d0bc11885018405561a4a16dbd758897f53a,Global\Tue Mar 23 02:37:32 2021
70aa1ef767f2f8e509a3daafa0fe47731d6d118abf188ce8754f2dd0836e7550,Global\SLDV22
70c90ccbff57ea6ee75f84d10e3a17b8274427619402a55dd0fee087eadeb612,Global\GMCM1
7149c125405d5050db76ffcf42261d420bac9bbb99a5a6703a4e49030e6c919a,Global\GMCM1
71881b52ea50c0287320f42e5552c797342379ad977f8f68759f68cfa153b9ee,Global\Tue Apr 25 08:32:05 2023
71e06e77268393d5ca520b8e922f350a1c6ff0425c2d495d31c2fe71370a0254,PROCESS_
73ccc9183ca701ea915ce000c02a65000c5abe3cb023393a3b12d68be90f32af,Global\Wed Mar  1 01:29:48 2023
73e6c2eff24bb222997c7a802a964a3043b8b151f8187b527e1fa63b0092da9e,Global\Thu Mar 25 09:31:19 2021
741b57fb727d7aa144c45c4634ea150106b79d38e7fdac7a1bef8cbc53ee37a6,PROCESS_
745426e2500802f4be3845736312c1fd22b46dfb4c4b9ee61fbedc4e8cdaa104,Mutex_ONLY_ME_V2
74d1c20c435cd67713e4b775ef900448b9fe240757c1b78647efe0855b780e7b,Global\GMCM1
750dfdeafe94766e34174751a3fcd5890399d0d1e0372449d52ae7e88ae488b9,Global\SLDV13
7578b22910652464512227be5e5462cf7ae574d556e3aa5e1cd191c518234db8,Global\GMCM1
75ec62afffd05fc2452d85ff35e2e7b9bbd7e6dc33a4afea93a1f0de37163b57,Global\SLDV02
760f91b27d1a009e68fb7230249b85d3ca5706d26fe605f2d0f06f2a9f91debb,Global\Mon Feb 27 08:11:25 2023
772705844afefa4a8131b1ec84748073845295fa608b3145ad0871b28aeb9f76,Global\Tue Mar 23 02:37:32 2021
77296d9302bbbc20ac0f24542bd43f6f83f97c4c5a8c364c06ac80d4cbd4de57,Global\GMCM1
774368d998fc9f9e9f95bf7deb72ba951faf6274b384d2392ff79601eaf37ced,Global\Tue Oct 10 08:07:11 2023
77a3875db4993b244dd467d24ba2e23c45a867285d1fe7f768e535dd224781b4,Global\Wed Mar  1 01:29:48 2023
77c78459c66385135fc08363e1eb71a93a949f9c93bb6c3ada21244aa8b35726,Global\Thu Aug 10 03:25:11 2023
77d5a186b18ee2a80e2efda9c809aa4b7488d8944d00aa6c32f3e784966140cd,Global\Wed Aug 11 09:16:37 2021
77e8c110e8d0662bb69048cf31cc7f7977e22e6a79326a60d9fc2a1a551bb0b3,Global\Mon Feb 27 08:11:25 2023
78267e1d5a5b655ba0c801f3cab2e9edaa6717583810342d1f934bd701e9da80,Global\Thu Nov  2 08:21:56 2023
7828f3c24e241a45eac046942a94cb2a954caad54f73e5a25be3fb6349206ee3,Global\Tue Apr 25 08:32:05 2023
783e96a3ad8e862715b57454184540aee037da6247ee3cd45af6783306f4d3da,Global\GMCM1
789ea6fd30ffd7a17657410b12f11f0242c9306f8b9dec1a544f82227ddc3380,Global\SLDV13
792cc88be05ba211559516215764de1c7588d8682dc910d0e71709d87059a1cc,Global\Tue Oct 10 08:07:11 2023
792fed543f9e88b3580d5cf5262757488a66643710f239bb8a8d2e4e9a95bf7a,Global\SLDV22
79e0e59f1b588ed599ef87f8741ced45b1270d72513079c36668d7746635508e,Global\Tue Oct 10 08:07:11 2023
7a1554fe1c504786402d97edecc10c3aa12bd6b7b7b101cfc7a009ae88dd99c6,Mutex_ONLY_ME_V3
7a89de1a9f3790f1f080750b421686b45fc9de14505581b55cd50efe9c44aa8c,PROCESS_
7b5951866050606a6331e54269d65e70c6347ac53ba8090c7efa259987c3a998,Global\Mon Feb 27 08:11:25 2023
7bbdc1572bcbf5d19d27cf7005703e7222804ed6ea29efe1064b30c9b4c39018,Global\Mon Feb 27 08:11:25 2023
7c0abc2d98eccd9c22e4911f3a2787e64f164f8287a09583848d3a524de3d9d5,Global\Mon Feb 27 08:11:25 2023
7c1762d6f9447528472ea56dcc14fee02c282f881a997dde6512ea53d90b16d5,Global\GMCM1
7c23efabbfd8e746069a72888ee3c38faf453cc8f3b41a2435218440152a1eac,Global\Thu Aug 10 03:25:11 2023
7c31f1136c5dc2504d3f2533cc757e205f20990a5af37e5966830f7ac5f6c17d,Global\Wed Mar 23 08:56:01 2022
7c6f581f384c9eec0e20b750a20bcb1800294faebf03e77a5c17b9de24fdb1c2,Global\SLDV02
7c81864e065a3d0a3a7df1fed35955e203ceccf197760b14122ebbd433929ec0,Global\GMCM1
7cdb1c44417ece11595f98de6e459c2adb18f975bd84a63f49b26f1a6253eeb7,Global\GMCM1
7d3ac8c336e34e1ecce427356275f70ebca33a2225e72bfe8709827035acd83a,Global\GMCM1
7d74ec4f35f54fae700006b1fd3a146757f9a58c018843208bc2406daaca9fdb,Global\Wed Jun  2 09:43:03 2021
7db8a4a7dc7ca2825d7c8aed98a2413df987f27ded548ba353f936bc653debc1,PROCESS_
7e3eedd430fb33698b4ae73daafbb1d21b9295c6f44dcc60901d474b4ba795f0,Global\GMCM1
7e8882bfc3e23d09662a12198b44bb32a1eb69f125c57f6a08266e4cd6e70967,Global\SLDV13
7e90701c6aa98fa2265bf9b7f90328d847cc0d5c381cddb1124cbd959dd45084,Global\MIVOD_6
7e99cbe7f980e825d443de29de70bbd2fd4c1735d74c88f6546f3d4cc0e030fa,Global\SLDV04
7f4c6c03988bf2c1b99f38c8b854bad80bf79d637778e8dcc623f12fdc10d64a,Global\GMCM1
7f7715d45a0b7dc0c3bcaccfa95cd0b50957697bf486ebbfbd3accd74e77cb94,Global\GMCM1
7f9b2fe779f2140ebeada33c1ee0eb4a32b7c18aba3c9140b78df1d398629a55,Global\Mon Feb 27 08:11:25 2023
7fb44384b3bc581a382060d4e07c6c54d46e8c488c965b9bd403bcdbf252149c,Global\Mutex_ONLY_ME_V3
7fb44384b3bc581a382060d4e07c6c54d46e8c488c965b9bd403bcdbf252149c,Mutex_ONLY_ME_V3
7fcaccc70ce953883ca1b79f3f47e99234d12402cdbcc6a0c75e097fdb4dbff2,Global\Thu Nov  2 08:21:56 2023
806fa8262d8b5415486bc032c87e5512d8b1d7cab0946b2d12720d9304cce7da,Global\Mutex_ONLY_ME_V3
806fa8262d8b5415486bc032c87e5512d8b1d7cab0946b2d12720d9304cce7da,Mutex_ONLY_ME_V3
80a47ef9135293f3d7a3accccd8642be4260590a66e51be9dfb82eb159c09341,Global\GMCM1
819d3bc8374465dbbb48cf2b0121b8c223c36523fc1f53046db7a37fdb622be5,PROCESS_
81e81932deaab28089f6cd78152b8bc5c8a14631d3ccaa4190b9da52a9f3224b,Global\GMCM1
820284c205366c96ca059c9659a80b2ded8c908e0dcd98e531ec21eae8a93fd6,Global\Mon Feb 27 08:11:25 2023
8222682cbee9bc4d4d7b325a04bea86dea9dd7e2e8e335af2e4cf251f20e2c1d,Global\Thu Aug 12 02:07:58 2021
823e5dfe9a07d2c52116ad813d4c48e9b7e8073db0036242b2f951ec18629cd1,Global\Wed Jun  2 09:43:03 2021
8287f1ffaad2a7e7dee6a8cf3e134554852c5e995ea1a9fab60917a13d55dc40,Global\Mon Feb 27 08:11:25 2023
82b62656430b90971ac62e873ef8fead119a4e4d67ac0648e57cf3fa7a0067bb,Global\SLDV13
82dcac77b26edd536388db0562f6d561633c716d2541978afba135babc0bd44f,Global\SLDV17
8326ef82818e2cdecf5ea358d4ad8fedf7e2a601d5cf809b5900182b394297e9,Global\SLDV26
8366a2b206e59e7f89c448eb021b0823d7550a350254d4a4ca7f6fee41da481c,Global\Thu Aug 10 03:25:11 2023
83e82238089634f89bcf8acae29ce770dbf97d40b17664d463bc36fd7cef1a98,Global\SLDV26
84326d2b5a55a486fd0e694ef7068e790e49908566b4df83380d642ca3175de8,Global\SLDV13
8457feb3aa00503b9e0a61354880f082b4e16d54912209b3c047afd96f967618,Global\Mon Mar 22 09:16:00 2021
8474d4e9b11f15c0ce5f69c91435d90f65439399826f7f595c262676fc97f773,Global\Mon Feb 27 08:11:25 2023
84b272a8d7acfe4f68412d02fe9b48490404fdb952bfe1f2000f57dd84967899,Global\Tue Apr 25 08:32:05 2023
84e513af18e26ca0fb26f7f6b403a6d08d7264957d7c93ce3f888c843d6b6df7,Global\GMCM1
850d60e2ea357b9d5234afaa6944500732189c726bffe8b30c6e1bb7c4f01200,Global\Fri Aug 13 02:17:49 2021
850d6b12822ccf752e7c9fb07c0eeda38d9da91287c734f365ee9d7dfe87ac3a,Global\Thu Aug 12 02:07:58 2021
85195e449d24468f054a4017e44b49bbfef64f6f11d88907fae8f162dd0ac3f2,Global\Mon Feb 27 08:11:25 2023
85d780c6fb8b3272afc6424df6def0ed7c70e2920f2c0e45d3f77428e0b6309e,Global\GMCM1
8689bf0ccf330c0148ac1c34c3c3946b0f628062b0ec24546219ee4da9b69911,Global\GMCM1
86920f1a6960723fd0305b3c46a3c0ecd646d8e59b6e056d0df41556d5e4f3ed,Global\Fri Aug 13 02:22:55 2021
86b8be6736ea19a671974349571c04725b223984ae1b255712376ec2de6b84fd,Global\Thu Aug 10 03:25:11 2023
87062ec46c36c95ccc060224cf47431e59ce454167d133081010f18c7a9943a8,Global\Wed Mar  1 01:29:48 2023
872f81ee34ad7ec2c9e9955b549be94a868249438440e3c0163166de23278925,Global\SLDV13
8742ce176b3cdfaa212e97a98b855c9c3deb5d292e26911bef49bf5fc91b606c,Global\SLDV26
8774622ffeb82472856fde24985b7e4148927b7c2b26d52ae0328a06d64fbfa0,Global\Fri Aug 13 02:17:49 2021
883483b45d15bf9333d72abad93a9c0646155c3a46bc72def534cef0b38a2355,Global\Wed Jun  2 09:43:03 2021
884568d20ddf594c58d66f49d1a0f65d8d45a5f3b43348b6e5372c8667796313,Global\SLDV17
88bd5c2ad406c287696c04fb64cbca6762e979ffc179683630d83d6b7b377175,Global\GMCM1
88ff0297f1a219027dd29670ef860ba88dadf8709da68f1837be5bbb6f9631ac,Global\Wed Jan  5 09:15:56 2022
8909a06505b062450bbeedfdd1e18a1816be48dec9efbe84b0f21756964202a1,Global\GMCM1
891be3ef16a80434fabc3fbc27743e4ee479df2f48e84f963bef15dd7366e052,Global\Tue Mar 23 02:37:32 2021
896ef552e30d5c8efc22498b0a57ac2425aec1be5057e9169a72e6add0f65623,Global\Tue Mar 23 02:37:32 2021
89e7cd0ae63cb64142a5f35ed07a72610f5a6806456452ca0f38c74a058cfa15,Global\GMCM1
8a74d967e0b1bd9603295de238ae8851924061c1fcfd71943fcc1c2744df640d,Global\Tue Apr 25 08:32:05 2023
8a8fed65007a580cc86aaed372d5c31a3a4cc8851d8963051a6d517a10e7a387,Global\Fri Aug 13 02:22:55 2021
8aae5132b5ebf20cae50c78e67e7df86a62d1be4287a2ed9166ff3322a184f5a,Global\SLDV02
8aeea8e9a82cf4f8d9034112ebd6bf910bbdf75bdeafed1d7a5b4b117fb6b18c,Global\SLDV04
8b35893df1e41d668e59c818681f29bbae776c1628fa144f406b664e376f568f,Global\GMCM1
8b3f79e636e1d38195ad741f62468e35390033cd8938e2b6ce773a2f1b35eb5a,PROCESS_
8b47ffedfd519416d5e2fba7348d1dccf11f89a8c0a04b7ab9689039b354a3d6,Global\GMCM1
8bd87ad7b1148c3020b8663591b991c3333f19f9ffe355736186ec1cf1514c45,Global\SLDV014
8cc19469f2b5107110eb7213879ad0760b296f0c8cdb1cf519bdfe48e17ecb6d,Global\Fri Aug 13 02:22:55 2021
8ce1ecdefd64066b901d39c91978a27c233346600a5736bd785bc73e754dbc3a,Global\Tue Apr 25 08:32:05 2023
8cf41f0680edae76a01b3bc46edc1fa4fd483faf648322fc70d25f06523a5849,Global\Thu Aug 10 03:25:11 2023
8d03e2d782e3d64190ee80a6488e54031628393eadc9c2b972af6341bc5b179e,Global\Mon Jun 14 03:22:57 2021
8d3930d5fbf058b3904f6d7f6d07609104e39e315899af239f552f2151435951,Global\Mon Mar 13 07:29:11 2023
8dd18fdaa8c226b7191a7b5005291c4b9a927a54a7e2e1436ad3fd9bc782da73,Global\Sun Jun 13 08:22:07 2021
8e2b89216cf6c3b5ae55a1a0eed310a8cf9b2eb14db90750744995c8577cd85e,Global\Mon Apr 19 06:03:17 2021
8e5140fa3098ac33d67c74f4206e653ffee226f5e81d5d81744d0147a46cb094,Global\GMCM1
8ee5c850558209b4532c73ba5cce6b071ddbcf610a5ea5c37691eeb38d7b46f5,Global\Fri Aug 13 02:22:55 2021
8eed6a208ae285e699194ffec56e927ab0698a54e39babfc918c3d901c9e12f6,Global\Wed Jan  5 09:15:56 2022
8ef11b1783cf9b04778e3d6d4e0a619048a3c777df1ee17be6be8070d9b840ab,Global\SLDV26
8f077addfd1fc92acdc9ec154bcb7de009325cdecae4761abe829c0ffb494010,Global\Wed Jun  2 09:43:03 2021
8fdfede039631244ec238228df29049f245962b0405e122900bb3beac5908190,Global\SLDV04
908151ddee11b5200871595ec40148ce2c08bed608529c150e94b22e9115fef3,Global\Fri Aug 13 02:22:55 2021
9085e456d04e7eac857824bf37062256d030ee6f541c5193fede898f05d9fe3f,Global\SLDV13
908c310afe1f882543b6ba622905a2ae544c66d87a64b13e63f22daf32e4b656,Global\Wed Jun  2 09:43:03 2021
914f6f6bc5d351726546a269100949431077bbf13f7262ef484795382a77de9a,Global\SLDV26
91839c22d27d18f0298de7dfbf221beb708bc0c6f3c20ffd434627b02b48e02e,Global\SLDV13
91d29554ebdc97e8034e774530a3cf3ac5428e1711a418a1fbb822090ab36b59,Global\Mon Jun 14 03:22:57 2021
91e6d9cfc76680a9514a82bf42f30b32496864c8e4a3ac3fa03458a23fa63e3a,GlobalMIVOD_6
91e77e33956d04a47557f41cd1a4f32f107d6cbc9ee3415666539e17d6391669,Global\Thu Aug 10 03:25:11 2023
920631962265e0af1eae5c9fb7c02b4d9918d82809f96cdcd4aa3902f7148d40,Global\Mon Feb 27 08:11:25 2023
920631962265e0af1eae5c9fb7c02b4d9918d82809f96cdcd4aa3902f7148d40,Global\Wed Mar  1 01:29:48 2023
9238bda0c38ee3e240e8b2f8f330294c38777638f165198f275abe8275077ed9,Global\GMCM1
924e2c29d4b9fb2c1115472b0c8104873464109125f87a2b8c4671c894d8c673,Global\Tue Mar 23 02:37:32 2021
926dd54b87255c057bd8610b37b8a99ad0db0513973b7405d017e028e96e39d8,PROCESS_
9281300cb083572cbc7b479aa27c15b9f99c5ffbd131249accf6c9e2769adc35,Global\GMCM1
92821e2463c3e69dc56327b03ccb6341cad061f213d1b3f1d986cbb65c5b3137,Global\Thu Nov  9 06:19:40 2023
937c7f59dfd5180affc38d2082608609f2f64a1d81b5140511aa6236a8f1a2b7,Global\Wed Mar 23 09:06:36 2022
937e1644c06af1f50b763719f2f9964c625a80c033a10ea4a11debed341f3e1c,Global\SLDV13
938396eab56062009171b8dcb0a8d02c6c44f742830d4cc829f2fddf359e0699,Global\SLDV26
93d109e7cf37496556f88ae5a8e8b911e7afaba36f622208078de8008061e8c4,Global\Thu Feb 23 08:37:09 2023
945e7591260089ca834e2b91e774233b3a4d62f013c4f12da3fb764e3afaa1a4,Global\Global1
94f1c7bc6708cc6b4bde83239c6d5cb5e36499903d75ab0d8d663c3b41125d3c,Global\Mon Apr 24 07:19:54 2023
94fb53590bd3f4a7d53742988c5a83e39a08c475f71124afc114c57acb4adcfd,Global\Fri Aug 13 02:22:55 2021
9505575d9e1e463e6e422912fbe9819461ee00e4df7235231f4117d3871b9984,Global\Thu Mar 25 02:03:14 2021
9538d89551a36879f0bdb530cd56a2eab5a0d9bd7ed51d4eb8c9a73c755ce769,Global\Wed Mar  1 01:29:48 2023
9571d8688702a8a9ccf92c100d2b808930074833c33d4355e4f7fe2805b02f5a,Global\SLDV02
95bea0562efc8fa3e43361c56ef0a20b5675f2121ac163c83e666dc493c00f6e,Global\Fri Aug 13 02:22:55 2021
95feddb84a42dab8119676b4317a7b5576296617f483271023ad4a71c73d9448,Global\Tue Apr 25 08:32:05 2023
962ebbd9041d61c3945e8badb4a87223c12efdefd3621b90a25873a70835e12b,Global\Tue Mar 23 02:37:32 2021
96cceee258081409025ef8556fbcfbb0ebd542f2ebd7b4dadc31ea44d4c95dc7,Global\Wed Jun  2 09:43:03 2021
96f0633b494f87302170c2666db9157157a30a38e84ed5f40e7ba3a4e51fa4f0,Global\Global1
97b00d0b1b9b54b83cf70afbd6c2ad85ef5380ce5345057cf0e8688146afb277,Global\SLDV13
9836663b04ec62e112d7e821d1992516d6701d5a37c97d56d4bdd472dc4643b2,Global\Wed Mar  1 01:29:48 2023
98aebd99e0fa1c4f69fbe0bceba64470e31793c6c2cc9e64d0a47ba5ca41df80,Global\Wed Mar  1 01:29:48 2023
991a957c3b95ae9b96a3a17fb6efb7fe724f5d5405a98c30569c509dc40d9ffc,PROCESS_
998c33f735bbcb852bf0e0ef2458e0b2bd1c1cf94e5a5374196426cf30611856,Global\GMCM1
9a2071759c2ce247c01f205cafc9e2d0c2de87cf311326cfb8c59878b702de6a,Global\Thu Mar 25 09:31:19 2021
9a859e00121ed6ab900bf693e72c1f68a654ee3e2430fcfbc5719046a73f1c10,Global\Mutex_ONLY_ME_V3
9a859e00121ed6ab900bf693e72c1f68a654ee3e2430fcfbc5719046a73f1c10,Mutex_ONLY_ME_V3
9ac8d5f727304ce1b680e3eb08ef94a2fb92945c548b4adbb49694fb24041950,Global\SLDV10
9b1818f0d27edcfc8a4aa7f8be1185e14b86e923db8625babb43d69cda48ec8c,Global\Mutex_ONLY_ME_V3
9b1818f0d27edcfc8a4aa7f8be1185e14b86e923db8625babb43d69cda48ec8c,Mutex_ONLY_ME_V3
9b861b9a72a7746f6b44f842ae888bd293dd8d3cebe27d9eda954a355709ce8e,Global\SLDV22
9b8952e060430600fa8c322fd0f25671b93eea7b54ffb913d6f3b79024cbe03e,Global\Mon Mar 13 07:29:11 2023
9bca79e12ccf9a376a603cbb39c1dcedca1ceb60cd640088788e5852a7444739,Global\Thu Nov  2 08:21:56 2023
9bd14564282db529ec52a0781250ec1d24a030a14a31a07c9a9fbe98f0d5b088,Global\Mon Feb 27 08:11:25 2023
9c5624f2644b5cb8b04a645681637d0617d5b3581e79e7f5b744e599b5451ebf,Global\GMCM1
9c75278271a7c7812479bd71c9d3414843517744666e60fd2b69593d8a9a6775,Global\Thu Aug 10 03:25:11 2023
9ce4e0fe17b6e616c3edabac2b42071d1fe8394fb7243acfdf1e985dd7bc8d0b,Global\Wed Mar 23 09:06:36 2022
9d1037c35c24527fcb1cb09c7171984307a56098b43b1d3367acc7b32b04b216,Global\Wed Mar  1 01:29:48 2023
9d6735a04542649df83daccc4b1d8034663656686888784f96d58f9967f0c369,Global\Mon Feb 27 08:11:25 2023
9d7dfe1f377e04955101e451c4df0cc02aceb779b3c49fbde6682b4f70651d65,Global\MIVOD_6
9de24d09c275c2d35282579b9e273bb6b868cf99b13b7f5b5594a39b1376bdc9,Global\GMCM1
9e401a2dd3487c1d1ad46567aef56b40273f11ff8a6d7bac9406aacd8a4a07dd,Global\Fri Aug 13 02:22:55 2021
9e48cd08acb5a76e48f2873a9292374453deb9f841d517f8a3643c787d28646f,Global\GMCM1
9e4a7ce73b9aea67b21711467e1811a2ac703cbf75eb8c6b030fa2934fcf1d43,Global\GMCM1
9ed203be99dab6c012b8d6f9b6ac3aa7b44d2756dfd21ab4f1ce70f216aec9e5,Global\SLDV13
9ed997920097e701713931a4b903fbdd5e15f2131e18a58b7fb75cdb7f6a653d,Global\GMCM1
9f0883199b81aaea0eea88209c65c2ff801345234a01f9ae4d39a5d1c081d1a2,Global\GMCM1
9ff92aa382567575357206f0a4e61bce14161bdb5bce3e79f6b67ebb265802bf,Global\Thu Aug 12 02:07:58 2021
a01ff9bcf87043fd97007e59f85f768a39f2baa4a5240bff89d1637f2316ff87,Mutex_ONLY_ME_V3
a02b784826ad1e4def253e7338135861b6aaa49eaa3a2d6e626b18792a850d87,Global\GMCM1
a090c3c95a999aecc4bccb310fcf60c3e57bcff005d70200b8d77223f22b3c10,Global\GMCM1
a0bc7b441a1a9f602e8d6c7e04f6e15841eb31a19867622f8c0852a7214467ae,Global\Wed Mar  1 01:29:48 2023
a1218b68020ee9fe06edfbfd26727dd9f1a99def75591e3c1924d795e02e331e,Global\SLDV13
a137df47fcd9fea5ae2c8e9107c8bf4d060b092ecfef84b23d29a2cea2ac1928,Global\Tue Oct 10 08:07:11 2023
a15e21d676fc7d98623ce4399c70e30ff8b7a38b4173e710793445dd83b8817b,Global\Mon Feb 27 08:11:25 2023
a1c9f7cc443ae246e2ac734b88739715edc4e1eea5280f4ce616f0a4b9464822,Global\SLDV13
a270d47c42e43781d1042c55951bc6a2d940e2b875d1d999ace2e3f25e4df256,Global\SLDV04
a2d4f5206fd267803e66b03ac4e86cda55f733fc147ee0df2086be8b7d43ed3e,Global\Thu Nov  2 08:21:56 2023
a2ee522e7d2656c212d80cac14ffffa48aca241a86434565ce34fbf5d0218bcc,Global\Fri Aug 13 02:17:49 2021
a3066fdcf1ac4deddab8b5895162d63df716cc399ac59a7b2d09fcd1f5901d89,Global\Mon Feb 27 08:11:25 2023
a3aabc949a5c3700f100587ed1f3e0011a77b12ec751c118fd0e9fc00cfc33f5,PROCESS_
a3dc7d9d9de4c7c9c0578c12eb375dace6402a3704f1c24c55f0aaf8568db73d,Mutex_ONLY_ME_V2
a3ef7d743092c1a64425d279601156dbef4ea1cc9def75cafffda6270466090c,Global\Tue Apr 25 08:32:05 2023
a411fbe9eed04adcd1a8915ed5e8b6468b8aab8bd406a3fe58fa5dac70da533e,Global\SLDV22
a421d3675e7e1528d1d2d42c46505405596f1311730f863e363646b4ecd7e9e7,Global\Thu Aug 10 03:25:11 2023
a43ed21fd650f46fb27cd0aeadddd8fda5570563cc82627b05ec57b1c3af9759,Global\GMCM1
a45f42d7a800b9aa4c5b1792e2dcff01ef2a89e64e87308e6b294aa79bff066b,Global\SLDV22
a4b279cc24e0a2b30876574e50b1ccc879413fda0b1c1611f9cb1d8e94234a21,Global\Wed Mar 23 08:56:01 2022
a4cbf4ba5beb4f8a5c314a2e456a0218c214c7b338041badf780db9d0d4ce162,Mutex_ONLY_ME_V1
a4e4ec47f34c2d043f9ea9615d9f714f6ddeec5ffc06c6b720ce314b043260d4,Global\GMCM1
a54cbe81bde100a8a41b879154a45a038fec0ff466b0e2b9e7262ccdff70df30,Global\SLDV22
a56d265d4b3aa579501f81504ae968b0ec453b40ecbe8c5fd6eb86df67fc241e,Global\Thu Aug 10 03:25:11 2023
a586ee8cc521e8289ed82845548d432b038d3cfc4d41cc57613129d41ca171d0,Global\Mon Feb 27 08:11:25 2023
a59796ce767a5c9d76f588ef88192fc0396ec28641e7b99dc95be42e141a1c76,Global\Mon Feb 27 08:11:25 2023
a5cc71c03c6c14f5ead8adb957859b55f0144d5fae29b17e0f9ae43c9bca70fe,Global\GMCM1
a5d6b6e93f43dffbf8332cd71736ffb7b638cd5d4b341f2c76c07b92f6041713,Global\Wed Jun  2 09:43:03 2021
a65684c1790a14879affc3715306a8a53c572cea1ba60d95c29d4c27fb047b84,Global\GMCM1
a6a2aa01591d6d1ae683e62a2d4b223ac425c41dbb2588f82b75558d13bf18fb,Global\SLDV10
a707395de967df05b59aef3aa4ef789a4ff372a987b7d3ae5c56d12c47f2726a,Global\Mon Apr 19 06:03:17 2021
a78a577bacb97f250d52767d595dc6b70d73867b468daef7ac9525aa82561635,Global\Wed Jun  2 09:43:03 2021
a7b0c0ec2f2f00cb47822d199e0ccf00fe61e203d89e1da838dc70829c863694,Global\Tue Oct 10 08:07:11 2023
a7c73a9a55f87339404eb26f0f102263d7b07e94261fe9d9590d1fde3745afee,Global\Thu Aug 12 02:07:58 2021
a7c8e71aa24b7c8d95176a7a73e31b5731b911075b15ccf10c27ebfcc836a04d,Global\Mon Feb 27 08:11:25 2023
a7eee646f9f58625c52d0ab54fa12ddcf26712115ddf484f984a94dfa49346be,Global\Fri Aug 13 02:17:49 2021
a7f6e6a50bdf1120c30ee9195611a9f7c56bb578ead7933c67e5d3ccc14ef162,Global\Tue Oct 10 08:07:11 2023
a837603057da399c41e873bf830f8600c5eb67907fc5813130d1664410ac176a,Global\SLDV22
a8758ddc7dbc554cc0237bc61a499706d9aa8f719c7db8040c34be22114ac9fa,Global\Thu Nov  9 06:19:40 2023
a8caa2bff412bc695ea7863e49ac7cc2777634429605c4b1b74d7601ca6f08db,Global\Tue Apr 25 08:32:05 2023
a95512f6d740039d224408031ce8677ed604916ce438865388f2bab6b15445a7,Global\SLDV13
a967080f209ea0b82719af1908ebdc5203a1128e547059a14c6a4f0c33e9cca0,Global\GMCM1
a98dfad213c05d93b0cd8e2e8d9cd2c71d3437f62bc2746b73b0a6a7c0a47735,Global\Thu Mar 25 02:03:14 2021
a9de7cb9ae040aeec631046977d1a63268c28e1f52fd2b562273428fb766d3df,ESOCESS_
aa1b1c5c4ff7575f3029baf16f14fd6d47a7b81f253d3155fa4a34648055c756,Global\Wed Jun  2 09:43:03 2021
aa6e86e78cb9623d0ecbe9247d6772cb61f6cea9b102d17bb12396be2955bab4,Global\SLDV10
aaaffc3cf47f83b3aba69cf796d63982c20be8a90be3de6a44eae9390d6f112c,Global\GMCM1
aab5ae7990f0268844dd8984d7312f9727e9391c88ed03a85e9e5da6bb798fcf,Mutex_ONLY_ME_V3
aac7e594a30b0a9175cdd0fcbbe17f378754e2a7d3168dcbd849ac2ea0475776,Global\Fri Aug 13 02:22:55 2021
ab2b623f7c2a907e53aa785e9248f95bddfac89eff98690f7730e912ab54e8d9,Global\GMCM1
ab5b02263fa17c9ec66960da95a1912d5b06f853e14e9ffc6fcb2ef98da29d30,Global\Mon Feb 27 08:11:25 2023
abe4289314a748bd5332edc144d668c76ce653481e9947d47581db8eb7db5291,Global\SLDV10
ac0024c146144d1aee06061938b8b3398146c0fc382395303e2760311b4e775a,Global\Mon Feb 27 08:11:25 2023
ac623940e6e8f547d993077ffb8f166ab20ce57ade00e189fd80311dc25e5d9a,Global\Wed Jun  2 09:43:03 2021
ace5a8a7309ff1c12d0d0ee6c6e64e3df8c2c0600889fb4f7921b74c09b511fb,Global\SLDV014
ad2207eae99b5f7684be00262d2b79acbb09e38be23750daace647004bca70de,Global\SLDV17
ad74b8bb8c3e71902ed7945aa77c4660c293214122f8765e153ef91928b8f77c,Global\SLDV17
adf32ca3e9e585ad479d7a9f9f1ee9255b032dd9024829300621842be2829909,Global\GMCM1
aeb5270a9da29cd11b98b203f5316ef74f7b89ec22ae20ed3050e3082cdecd80,Global\Mon Mar 13 07:29:11 2023
aeec24ff27f0dfac7d2728c00df888b777084d78ce4107389865bcf8978f8927,Global\SLDV02
afca820adc4915295b985fed6744dba343666095ac841bd4662ceb760f1501ec,Global\Wed Jun  2 09:43:03 2021
afddfee9658a39429efb67ef33ef7743e82c143e265cc10b06d4c5ea1b31430b,Global\SLDV13
affcb14e6785ed9b80d0d33cfa352dd1c702f1142e33e27d5bb7731dae67769d,Global\Fri Aug 13 02:22:55 2021
b02c869c15840dce09882a0d3c5d0b2f3415221ea73d971b95ff3ccaa33884dd,Global\Thu Feb 23 08:37:09 2023
b08b140961f5e1b3714b1a24fd67e904b3c0125ac58f7191e3630e8713886b07,Global\Thu Aug 12 02:07:58 2021
b12f500d6b8c409996f9fd3c5339d364a580aceee180748af498b3f5848cf642,Global\GMCM1
b14f42701ee9df43fc9b186b0b641440f0988f3686db8e1067ba191dfd6e4aaf,Global\Wed Mar  1 01:29:48 2023
b16fdd4eeb0572262516111d9ff35ffd3bc1af8cd6930e26328b78bdb575d821,Global\Thu Aug 10 03:25:11 2023
b240f67f5f475161757f7aaa6dd8f608d2f8c290d76ab856d30a8bbd2978820c,Global\SLDV10
b280a43721b7d94aaf5e296b59756381faef680c11c6a25348854c0f41f617d7,Global\SLDV04
b3179521165fcb440e580c8e1150efb50babfc84f8d5f36a5b5526987bc3301d,Global\MIVOD_6
b31b627cf4e75aa6aa4dcdd6e76802543ade71d29b0e0370e12c79199d49bf8e,Global\Fri Aug 13 02:22:55 2021
b38c239ab5cb8985d5dfc5e1e6c019690a61a7b3d64a927e48dc5cb9552f5c0c,Global\GMCM1
b3cd0f1c95c9da788addd938271c1d0ab2be8084c364aaaae1587a5a79cca9c2,Global\SLDV17
b4d5c8a63dcb330524b0670656f39f00c5d00cbf6e46473e464129257bb07b38,Global\SLDV22
b4ea17c16728bd6c86f4b4835dffe2b47fdcd00452685144e2d1eea6a204dfd7,Global\Mon Feb 27 08:11:25 2023
b4f9b5b54525084561120116cf07b1da75d2919d3fecc74485a4c1a7cca9d1f4,Global\Wed May 10 06:38:46 2023
b53a93e72d8da74da31f034196fcf161fced69694bb900db6e3645adc24a76ee,Global\Wed Mar 23 09:06:36 2022
b5aaf2c133eeb33ec6edd26869aad1dbc2760b70db3fef29d529fa724821c59c,Global\Fri Aug 13 02:22:55 2021
b6082d3135e0ac8ffb781411194be70c876fe2126114a815ecd7963ee5422386,Global\SLDV26
b64dbfb2841de2fcfda5d937cc1aa113b92a5de68279bd96546c418542b100c3,Global\SLDV26
b653a4956c940203c7f47981756b69ff15cfabf5731966eb7535de7ae9af156d,Global\Thu Aug 10 03:25:11 2023
b6b7c2f75bf87ca8cc357983308250fc25c3ceb06f667867c029d5ceaaf27ae3,Global\Mon Feb 27 08:11:25 2023
b6defd68ee19027756aa7e3e2f8893a97db941ddd97508368f938dc65be6d8b7,Global\GMCM1
b6f58065cb46652b3ef033577a23c69d0e5d1fd57eca99651b82a3a2fa0c7acd,Global\SLDV15
b7f16bfeb09cbdf26c0d82d0fc71922e504b46b90cdb8a7c24a22952a6f08dd5,Global\SLDV014
b7f66c949d5178f851d12106cdbdb1baf719ee78a801ad0a97343c7d2ca0a3ab,PROCESS_
b8201c8cfc58c163d52bcb25fd603c70be2e41052857294584c43b75341bc238,Global\Fri Aug 13 02:17:49 2021
b84d0b1fe6f25d005aacb2f8bd4302d337a3cf7c8c202a02d05056ae1c527fcf,Global\SLDV15
b851494c531362a076123ca592bc546499b771573208ea5934958da1e89af20e,Global\Thu Mar 25 09:31:19 2021
b94d8ce60cce2baf8cd825f823da95ae416aa63bd1cf5878dc624735a0a3b4d9,Global\Mon Feb 27 08:11:25 2023
b96d52fcfe609d439c6d2ba33208fed490d94f8728afab6e083f25a45468834e,Global\GMCM1
b9a5a6455aeea6d8c47c6fd5ad6f733288807b0f466fe715dc772bfbf77fbf44,Global\SLDV13
ba254af2043588ef8a7ae8accad7fad053d8a1f6027df7406d176f8e602d2a19,Global\Thu Aug 12 02:07:58 2021
ba3e893dded89227f6d3d5b57ece0c5453532a4111b292f303956e0848e94e07,Global\Wed Jun  2 09:43:03 2021
ba437bf68129e526c59cf19be4e79d021b646f67389cff33539debe1b0af90c0,Global\GMCM1
ba47412f50b307077ca40220a02e6bb9d748e9dec32530b4e774cd9a50423760,Global\Thu Mar 25 09:31:19 2021
ba619022a5ffbf8630d0382a98162deda32c54d6b59b90c2ba4337c03b4342cf,Global\Mon Feb 27 08:11:25 2023
ba619022a5ffbf8630d0382a98162deda32c54d6b59b90c2ba4337c03b4342cf,Global\Wed Mar  1 01:29:48 2023
bad721323b4ab5282c0f0b97315aff122d05ae26588b9e4c8ad28f5aac3e34fb,Global\Thu Mar 25 02:03:14 2021
badc8aa67d6401502a3a27888180247605706b0ef0dbd8ded6b862609886f091,Global\Tue Oct 10 08:07:11 2023
baef22a9ac48d18a83cbc2e9a009d6356f43295e40e102a5941752cc4d6ba0b0,Global\Fri Aug 13 02:22:55 2021
bb5680d6d9d1db880dc5eb03ededee2f87bdd8d1daa900fea7056d76feb4b576,Global\SLDV10
bb58aff3da121c4014ae116b62ee74ff711586049c723ffe77439848061f9bfd,Global\SLDV11
bbba606d1300c091199368a8e3850fdef991c1128ac21aa5f8f65e36bd6090c4,Global\GMCM1
bc01a85a6767aa54ec1cc4186a2bb5479666bfd643f1cdd3ac7930c34536baf6,Global\GMCM1
bc10969d6d7e6733d8748b64c5eaa482135d658877f0df06a4d8e66b55f8c64f,Global\Thu Mar 25 02:03:14 2021
bc33bd4a1642936f9066df73d5e7407d4ec15bdc6f266a574859dd0ca30e76f1,Global\Wed Jun  2 09:43:03 2021
bccffaa45b3779093bf583a106ee4ace30b0f4f6de2820c2b04afa967beae98f,Global\Mon Feb 27 08:11:25 2023
bcf8b7515bef7f167ba7388cc021d33bfea0b8d6b50bee1e72ac90e663ab3062,Global\Fri Aug 13 02:22:55 2021
bd09ea8ee8bdf6f72556732184e27d92875e2d16077430631fac307eb011bf5f,Global\Wed Mar  1 01:29:48 2023
bd21c00e5026cc8f7ead3a0ab2edaa9cea9a405d543745881d3647dc124dc968,Global\GMCM1
bd2ea1bad58a55deb854d6d859dc2b283e9bfea64d41ad57badbfe8b730e817a,Global\Wed Mar  1 01:29:48 2023
bdbad639ab66a69506fe9380d89a2c458de514eae7ba03175728abddc30c30ab,Global\GMCM1
bdbc38ea97761c988c06d2a33c42b4170a6eb8332df41e45f351afc3102c7b7f,PROCESS_
bdce4d03f95c4054a7a2125da3b67ad2742288ccb221fc8e9db2e0a0753e2905,Global\Mon Feb 27 08:11:25 2023
bdec71316c5bf74969082aab2121d93bee59d14978eb4882067f3e6ce2ecc76c,Global\Fri Aug 13 02:22:55 2021
be0e4327d8d759664e47958ebcc5cfec0e42215c74e94537e1e869c803b19729,Global\SLDV22
beb1ff0518a55d47ffec3015039d406d70d82bb91bcff379b96b72815494a28a,Global\Fri Aug 13 02:22:55 2021
bf1fe5b58cea3f1681f11f5d3164f437589f20c173ce75a9c7a1caa7767f5819,Global\Wed Jun  2 09:43:03 2021
bf22112d088b077cc5e2b8ef9325bd6b18a0fb7341ac7d1330dd7b5fa68783ec,Global\SLDV04
bf2940430cab612a968679e76e04356bd2140f35fd5b4488666884924d74f201,Global\SLDV04
bfc0dec00f3acc9c91f18795b7b5498378f0f1a7a339484e61b5059bb04f7719,Global\GMCM1
bfd2603d9fad8e707bed2fd05bb0209db2618a46ca0a873f0631f94570ffd4cd,Global\Wed Mar  1 01:29:48 2023
c048a93e2591023a60e79a4eeaaafad4402c5b79be048ecb8fd1e1fcab32dcff,Global\Wed Mar  1 01:29:48 2023
c0534562d755bb7aade34e0123e47950a13366a554ea584c399d3052fd6b5e76,Global\Wed Jan  5 09:15:56 2022
c08ce326a77c5fa47e9862f5b79fb669aedec2d54f8325e674d70eab0d95ea78,Global\SLDV22
c08db079e132584b6512a721f2065def520a0dd9aed508d29ed841e8f29cdb15,Global\GMCM1
c0c75b0937339988def5359edee7ff050657749a2e47b38f5fac99c3d5e3d1fa,Global\GMCM1
c0f03b072fcd818c148823542b8c1438ee183e501bafedf9137280461bb73632,Global\GMCM1
c114f874155383353559c32e357d49d0d41ac30ea53f386d4b285afe4fba7ee8,Global\SLDV13
c11c5176ceb34d511bcac3c3ed012ffac174d179084d38f86cf8f31518b8c2db,Global\Wed Mar  1 01:29:48 2023
c13671fffcc9b6b1faaee66ef77beef2ecc5bb7fccbd03fd9afb4f577710d9f5,Global\GMCM1
c15a539b006341391e4ac6db09d4f15e6f0a4ed141418deed60b119c266d3c66,Global\Fri Aug 13 02:22:55 2021
c1f5b499c9ade1f6a670976bb73a9870de2b8899b5b3079585640a62d08baaa9,PROCESS_
c2d44a1146a4d0af60ea3bc29fe368a16850077a01505028e2a8dd6431e834d1,Global\Wed Mar  1 01:29:48 2023
c2f32288e730e67d86678cd1a562c74355ca91cfc8211f18ccbeedcf39f88bac,Global\GMCM1
c2f5db716419e52a678e0fb57b2ff3e990ef61f72b2edb82b59a261a0bda1fd5,Global\Mutex_ONLY_ME_V3
c2f5db716419e52a678e0fb57b2ff3e990ef61f72b2edb82b59a261a0bda1fd5,Mutex_ONLY_ME_V3
c3122448ae3b21ac2431d8fd523451ff25de7f6e399ff013d6fa6953a7998fa3,Mutex_ONLY_ME_V1
c34c1dfc481968ebec37f5617e5190d679b0d9fb04060a916060f57d9c59de38,Global\Fri Aug 13 02:22:55 2021
c37c43c67efb2b87eb63e7886e94c3dcc7b69439dc153e2a565b96670a324233,Global\Mon Apr 24 07:19:54 2023
c3d46af1dbdc93d92db9e7b659cd08dffcabf22d1598a13fe2c0c2c00ff73bbd,Global\Wed Jan  5 09:15:56 2022
c3e52a77f97b7517624f51ed9b90fe9d06fd76adcaee851082b577fe2418cd5a,Global\Tue Apr 25 08:32:05 2023
c3f1d33b6881811798d2654d1109b68ade4df47c510fb11d8543c6c452782dba,Global\SLDV17
c41935a99e5909cfb81c0469329770cef3bad5b370398e2241fdd6fed0457d42,Global\Fri Aug 13 02:22:55 2021
c433816cf00c6406f0a1c892636c4d6499f690feb797777f3eabf73555ba4c07,Global\Wed Mar  1 01:29:48 2023
c457abe69edd4dd51ed74a4547ee038b884990b538bd8c7539a2bacac0aa6a14,Global\SLDV22
c463a8f4001a9989ac1e1c32f5db892ad3f4e9e9d6f13bba975d5cf2f1d8dacb,Global\GMCM1
c496e1d6bf1272eef08e3d4482f35b1aa433a4b2111cf47837a28f849913b4d5,GlobalMIVOD_V4
c4b1790f253f14265ce2e568281d9a3342949b298e885dcef2abefe08a658305,Global\Wed Jun  2 09:43:03 2021
c4c1cde767117254394b4a04f49d35164889cd616fa6e0a257be7fa897440559,Global\Tue Mar 23 02:37:32 2021
c5083a2c52b2e82d6d3f015144b074b43acd42d39faf1a1ef5ccf5b7638cea00,Global\GMCM1
c50873da7e78bfe24c256a9068682b8d9144407b277689de6fa91ee14bee400c,Global\Wed Jun  2 09:43:03 2021
c552db8b260c6e96b6ee2b731b649f1ad49b9650a961c8d3d1bd38b42719ff9f,Global\GMCM1
c55daa32b0dabe4ea67900776006d2251b0070f8041f865ceeb89cd053a8fa09,Global\SLDV02
c5a1662dfe761388e861e20929661ea92724c5998f65d7f665dde4f7327f7459,Global\GMCM1
c5b0afeb7100d26dcaca2c63874bbc19fa93520f37ebdd48639ab4cfeb756d97,Global\Tue Oct 10 08:07:11 2023
c5ed6baf791afd95b058d9ed09f82ffc09644089d5113f69641e578b02814b4f,Global\GMCM1
c640621f089bb2ac6bd95c8a6f6f5f2793ff3a9f857d6b2a701f946580564cc4,Global\SLDV02
c68611b4bde10ac8ae489a26e2fab92a9e243636bc97b3fa02903ce269ac4519,Global\SLDV22
c69c48969a93a1893bf6a7062af43e8d5a19f895555cc5d26f6ea4963ae50681,Global\SLDV04
c7555d5c10dc168cf86234615948e586830ae9b00ff1426e7eec916d7c892190,Global\Mutex_ONLY_ME_V3
c7555d5c10dc168cf86234615948e586830ae9b00ff1426e7eec916d7c892190,Mutex_ONLY_ME_V3
c78f7ac727e031dec6c2e0bd422df60d5960ee7ab5a936e8d8ca27cc65896657,Global\GMCM1
c810d005efda67a95b51751a6b5eb73c934a97f11f5da77659c36ba888becaa6,Global\Mutex_ONLY_ME_V3
c810d005efda67a95b51751a6b5eb73c934a97f11f5da77659c36ba888becaa6,Mutex_ONLY_ME_V3
c817e7adace674e7bc2521385f053ca251d8f28c19395d933bab3eff4a9733b8,Global\Tue Mar 23 02:37:32 2021
c84c410b8f49a3f928522566c691e6ed18345b8626754788d498bf6389262125,Global\Mon Feb 27 08:11:25 2023
c862cd4b50f19b6b8e9979351ebf4c8068e49ebc6ed5aaa007f6da4220570da4,Global\GMCM1
c89f016b740a7823ace54e86aeef165176725a0a5de76a52128e6557c57ffb7f,Global\GMCM1
c94cea6d956a7388402a93362a3ecb067542bc7c2900eb9c33b3139780026bf0,Global\Thu Aug 10 03:25:11 2023
c9b284f92894dd6cc6308a4c3c10a6bd3bf764600860e971b92c6fc9b6e527bb,Global\Mon Apr 19 06:03:17 2021
c9e9d12c6342a23c8d6e63ccfce7ea49124e3896145d9d61e9e4fe8b1e3d9172,Global\Thu Nov  2 08:21:56 2023
c9f0226b9d36c8e94c7e7df9a762147674e7265ad969e8e2fdc9ee07acd60e78,Global\Global1
ca2b87beb16e3d5f55b6508029a12c482e01e315da9e1dc51e67ec1d5944e23a,Mutex_ONLY_ME_V2
ca2e0e668dc98b8fc1e82dd502784e73b435ea5c36bbd45c044f9ac0b00956b7,Global\Thu Aug 12 02:07:58 2021
ca8d100128bc8c9fc934a7ba687b27c822d5e106486c992302cf470f7ffe0e35,Global\Sun Jun 13 08:22:07 2021
caae720f2bc08c32020da65428075735fc780985b9c93ef25a547b124b25d33a,Global\Tue Apr 25 08:32:05 2023
cae20e8f7a04e90487af805f9b2844a887ca96f78dcc559f4f2ce5adb2c9669b,Global\Mon Feb 27 08:11:25 2023
caed1c5922920a156d6ee2855095f2a9692682dfbb754a5402c0592730f10a7e,Global\Wed Jun  2 09:43:03 2021
cb32e55b2aaff9aff12bcc445b52a4b8bed245afecea785469c91d45958884ed,Global\GMCM1
cb3a1c52bbf2c4c7fb6737b334bdde5ec36e4f1eb0f17753dd4e00d7b92dfa32,PROCESS_
cb6ad97ff079785122a96a130136e5ea531eb9a00fe45d3b13f8a7baffa4e4c8,Global\Fri Aug 13 02:22:55 2021
cbf6a5ecc34a12bdde0400a8f0aabcbed83dc4ed514c7234badd04d0810e65e4,Global\Mon Mar 22 09:16:00 2021
cbf83baeabe8eba741499f668e9feaf6215b473143b3f7ea8ce158d36b20517c,Global\Wed Jun  2 09:43:03 2021
cc2c3993800223d153673e749dc2cf03433aefedcbe589959230f350e7e8e5ed,Global\SLDV04
cc2d581000108c394173133348cb643ca1b85ff4f3d9514c09013ff1e5f005c0,Global\Mon Apr 19 06:03:17 2021
cc94d328e8961451f1976a871f7d8d44d0f50a62e53c000bc1d231e3e09df024,Global\Wed Jun  2 09:43:03 2021
cd1062f253b8c8d711b345f85f6b9100a7bc4d18324b440f08478e91c0f1e75e,GlobalMIVOD_6
cd583c658f4f58804c11f83d943eb0e73ec40bdec7d865a0d9f0eaa258d6e31b,Global\GMCM1
cd651c2ccc954dae2b26ad2a804180b6ac5a7aee2afd1b9cca493f5de2c3110b,Global\GMCM1
cdb7dcd484b8975f59370deda6d732e68e7305017e2c89ea68ed66bc93172c2f,Global\GMCM1
ce71382ac3e6c772ce23ba910f56c03f0b3069f3315e68a89c43330cbb04ad4a,Global\Mon Apr 24 07:19:54 2023
ced8e0350ac847b04d36f8bb6b500a75fb18bc0d8596ade93319a36c1d906e44,Global\SLDV10
cef48a0699c4643a58770c4a6aa4d1e75381e936c101cf550b4bb254ce4f397b,Global\Mon Mar 13 07:29:11 2023
cf16b5ac07de41d40b2ed80255e93dee5c023e6cdaa415c92ae453f8cd45fad4,Global\SLDV13
cf2a1291c2a4a5887506fe3f39fd0fa3287c4b80c36ed9ed9a15a174c86601c5,Global\Mon Mar 22 09:16:00 2021
cf3b9758ca95761bddade4c9b950c6486aece395573f8e413019f6e314108a14,Global\SLDV02
cf645e29af798253b15ebaffec6d4aabc86a5febfec180c6a7e77b8e509a2f46,Global\Mon Feb 27 08:11:25 2023
cfaa68738578981e5314f705a20e31a5c3b7a4ed24df27d1a175ff616f8d2f21,Global\GMCM1
cfddbddb99db4eecc9d4724ef42444bafab895c20ef43907e9fee9ca5036c13e,Global\Wed Jun  2 09:43:03 2021
cffced4b395ea92baea3d5f6c20b082e10659023f7974d63bf2813af951d3dcd,Global\GMCM1
d02ede31e8cbf212acb7ea0141a58a20634cedeec3cf988b4c2337d6ec46228d,Global\Wed Jun  2 09:43:03 2021
d1188e8bcfaaa269c20ec5c31d5af7b779949e9715eba8b4eea58249ab494e2f,Global\GMCM1
d1258365d66b9bbc59167bf1bb61a8eabe5408ae39ef8b8d40dfe9679bf8d630,Global\GMCM1
d1b0b5e24ab673665c33fb0b2be0730ebf024502343a3e593f8f6b8b5dd1aa71,PROCESS_
d1ca62b5870d7cc18d046133690af18db5413a4f61015ee13b9b9f1a4becfa5e,Global\Thu Mar 25 09:31:19 2021
d2bd2a5f29375bd2ecaca3225282f80c80c755d4ac600ef0002fd9b8d6f08608,Global\SLDV22
d2caca3cbcacbd3744b90894e813891f36d731f77e088809f529f79d55a17ca1,Global\Thu Nov  2 08:21:56 2023
d2e5ba8deb55eca9632fddfaaf9c0ff02435a6b67887b82c49ed234e39da28e1,Global\SLDV04
d3727c019f782505dcde7d700b52a4616cdf4f85358a5c118088c914bd24940a,Global\Tue Oct 10 08:07:11 2023
d3b9f6406f8eb0bfd6de6c4847d478cbe00411cb5ebcc157ae9ea7654baa0b44,Global\Mon Feb 27 08:11:25 2023
d4210dee443fbc714e83a99e51838a3b8855e366004a3b31e85dce096e776bcd,Global\Fri Aug 13 02:22:55 2021
d43e2c207e993a889a13eb208adb8f8bfcc2a0236e47d57456f0b39284ea012a,Global\Wed Aug 11 09:16:37 2021
d48c30fea3000ce0d1e115bcbfa249d6193512394cc45d1ba27f3af7552c6525,Local\WERReportingForProcess2212
d48c30fea3000ce0d1e115bcbfa249d6193512394cc45d1ba27f3af7552c6525,Mutex_ONLY_ME_V2
d4dec4ec744a6532127b6b7e990bed2f9002441bd280684be1333b56ca17f731,Global\GMCM1
d5a1cacff9e05275ffc2a63a70d9308332f4a8e6fa3ee187036920a4c161d25d,Global\Fri Aug 13 02:22:55 2021
d5d9babb4f44da34b6a1d0759d6fc393d4161a48ffa2854677cb1e14dc72a296,Global\Wed Jun  2 09:43:03 2021
d5fa921aef72f79ebea99dde59dea170e3754e99f5bb40a3c9130b824b48d419,Global\Mon Feb 27 08:11:25 2023
d6201ebacdf2902ac07e8d161e380466c46686d48f37ff82c86bbf1b3480b940,Global\Tue Apr 25 08:32:05 2023
d65bbfbc46514b8149e0071c6e55e4ff7ed1c96aef25a0f93b4c02420b49f8db,Global\SLDV04
d65bf949540208f7f0e8fda1b87186e441487d23feb2aa14e3e439dd1c5b5983,Global\SLDV02
d66d50299c3cc3421e2c937eee78ba381e2c969cb409b730b2846be09b5c2a1a,Mutex_ONLY_ME_V2
d6a73a786f7c7ef83d5239eb2cb0fe637e7c1835b414c0a7ed10e2317a81407d,Global\GMCM1
d6ab0d7cea520c2ca27c152ef4387a9878752ea26cb25aa6694f255db7d2f6db,Global\Wed Mar  1 01:29:48 2023
d713cf579b7634cc16a35613c493e6aab52b6a500366dc0932ddb4fff5687863,Global\SLDV02
d782badbb07c35c06dbaf5a2e0745c513c236cab53d344e09d4b45b0d1c5f0ca,Global\SLDV10
d7d7908f1a2f4ca447554fb2f0493dc9cde6a3378ed4e3de7baf38a9624b9e27,Global\Thu Mar 25 02:03:14 2021
d80feeb639093ef779760769cf28833b84f9e30252f9cf8ec93ddafe9a35bdc3,Global\Global1
d83183c3233df4a121ab1238386632d06c8aa3019b8afcef5397d5138663fe23,Global\Wed Mar  1 01:29:48 2023
d8324d4b11fff2e6660b97e32f22eecfbc494cb314c58b68ba61f4f8d1fa87f2,Global\GMCM1
d8a72d04ac4de5c1ca4ea222fa5ccb99c8543f7f73be037039a956ce8290b933,Global\GMCM1
d8bd6cf05d8cb10023ac57c86dc950c098be53ac74cd23fdd56c15a4b8eb4838,Global\Thu Nov  2 08:21:56 2023
d8dae01a06724f222b46b4bf2c3ecbf13f58be78cc8768019e0aa138f3931027,Global\Mon Feb 27 08:11:25 2023
d9301d4e2d27eb63507b95526622239849fd2f509b392aeed7d162b2b257ab3c,Global\SLDV22
d9aa525f7522947e326684bd2fbf7bbd10b2c1e1f4cecbad3a2e0ecc7f8658a5,Global\SLDV04
da1fdc88e3b8b9d2293493955819ab205d129b7095b4e43e0a5e92337d0c8367,Global\Mon Apr 19 06:03:17 2021
da2ccd9366637f387385f49f285da09a206247192c0e7e32060b604b17fbe11e,Global\GMCM1
da31487ff870f70763fbc08ee7a10e8a4fa7467f933b85d16075f3c9e1f5f44b,Global\Wed Aug 11 09:16:37 2021
da7491c2834bc28ba4b670f43a9b571ea6098fc7d2970cc75d934940b8ac6e78,Global\Mon Mar 13 07:29:11 2023
da8c00e48c5721bf2c3cb7beb85e8f9f1afc55c22bd88a513708cf6f475ed073,Global\SLDV024
dac4fe1e8f7833b934e7e84cc4908d8bd1f48bf24c7760321d25bc5d44bfddb2,Global\SLDV17
db45b88a2e35ab9350f39ea0e7385060ddec0522d66e3ac2302c1d9f4a0052ea,Global\Mon Feb 27 08:11:25 2023
db7d6e77d19c86c47e77d9a9149aaaa806b5ed78074ed731bc9bb29996365475,Global\Thu Nov  2 08:21:56 2023
dbdbe76f92549dc7af45c024f5614d70c1412d937e7222f06332b20ee097ac00,Global\Wed Mar 23 08:56:01 2022
dc00c81ff8a572a39801ef464647340f74834a58446f258de395914ca08702e5,Global\Mon Feb 27 08:11:25 2023
dc08e6572f9b183c5d007c7db520966d50c147c38d954318f160a1fd1f73fcd8,Global\Thu Mar 25 09:31:19 2021
dc3ef60b374f0b3cef18d01e5c40be9b5cc14d3d82c50a76cd7a8669bd5b1d4f,Global\Wed Jun  2 09:43:03 2021
dc5b3a835525def169031e4ece601a5e52d6429a442dfd30151b8d10b2ac5257,Global\GMCM1
dc87c823dfd518c9c159722886d6819fa8a07b235575332f348c83ca0d1a910b,Global\Wed Jun  2 09:43:03 2021
dd4fc8bb93bdfb617360761cc8481764ed7ed06429b6eba11fdf0916b68ad45d,Global\SLDV10
dd715aa146efb66bc545ad0ad243c5dbceee6e2fcbb40e5265db4e0b56d711b8,Global\Fri Aug 13 02:22:55 2021
dd8fcd7e709013681e319d667c1193ce7ccb2d35a307deef8ebb4e278fee13c9,Global\Fri Aug 13 02:22:55 2021
dda7eb117897eb148990d2301acbafad65a560abe7aa12b978b0b98a3252b7ed,Global\Wed Aug 11 09:16:37 2021
ddecde703430065576158ccb062fe110e4b36f6f9971f4e8896e9f70f5e57885,Global\SLDV02
de10cc62bb04680f9d0040db542f9e8fb1f8ff12c5399bbbe519f1f60e804c50,Global\Fri Aug 13 02:17:49 2021
de40ad6dbd5fdf4d68c002ac65309e6648fc83036f4812934097c1404758e932,Global\GMCM1
de48abe380bd84b5dc940743ad6727d0372f602a8871a4a0ae2a53b15e1b1739,PROCESS_
de5da147b08a0a61b76c09383c40a57060bc2438a5b19f2e330e0ffc8669a889,Global\GMCM1
df2d49b85e73cf38bcf90b57256f1426b5a15dba7579aa02307a3ba5c76e8732,PROCESS_
df4e8a50bd4f4b434335c9d2b2c28546c5bedcbbd9eb6c864b1d5b188e4cd89b,Global\SLDV13
df567ddc977849c8d4b71e3032910ef30715dba2fc4475dd8d2d4b3284902b16,Global\SLDV02
df874bd891b6a412d2e13468be1d504587f9552763a4a336e3ca8768833245ec,Global\Tue Apr 25 08:32:05 2023
dfd1debc2c0f23bddf923942b75cb0a2dd4cdee61976a5ca057985a488fdc7d2,Global\Thu Aug 10 03:25:11 2023
e01601541031e150d0e931e670e4dc150fda4df73ec3bacbf90c9c9b6c99c50b,Global\Wed Aug 11 09:16:37 2021
e029bfd90b061d0114e40cb9b5ff942c11f42ee31ea03cc2b1b2f60989b7c55d,Global\Mon Feb 27 08:11:25 2023
e08228d92f889ec6e81cccb4f7a971080d08218e0bc61c1cd96477acf72fafe8,Global\Mon Feb 27 08:11:25 2023
e0a4d7d6838b56d9dda5678b20d19a8f1ab99dcbace781b0b65ae529a67c5e93,Global\GMCM1
e0bb1b9e70d4dc09f0f15a5030b760be890c090096d86293f6cb7d38a9f7b114,Global\SLDV17
e0dd8af1b70f47374b0714e3b368e20dbcfa45c6fe8f4a2e72314f4cd3ef16ee,PROCESS_
e0e41b26a7e191fb356f57dccda9dd1e8ac3f5b6cafe4211e89b1d1381854743,Global\Fri Aug 13 02:22:55 2021
e1441617191ef7cc840ebd54be0eec554ad2e2649b9445b6cbc46ca6e9c78cc1,Global\Wed Aug 11 09:16:37 2021
e196207f8a68acd44edb2812bf96819bc5f74ad88baf8b5c5c421692fd8de9ea,Global\Fri Aug 13 02:22:55 2021
e1e3811e75f53615768e84567238af97f48c4d79a38d2a484167dd0d06433704,Global\Thu Nov  9 06:19:40 2023
e1ee244b97e175cea4c94605572cf0d375072742468490475d35ac98f6267331,Global\Wed Jun  2 09:43:03 2021
e217c42c425cb9cbaddfad3ed0cce29d78e8810059fe8a929d5b18180d790687,Global\SLDV04
e21dd48658ce15db1b7b993dc4f169b141568c2e5c7c24f44907bccbbbb00e42,Global\Mon Feb 27 08:11:25 2023
e24516a6f02083b759cc35a7e83b89d736b362ebb92493cb451eb9bafc51eb3b,Global\Mon Feb 27 08:11:25 2023
e2b6cfd3c50ecbecefa7088936029e29e6191357205a4911e81777d3dba4c295,Global\Fri Aug 13 02:22:55 2021
e2ecd9bde6caa6519f7784558c4fe12712bd7c73cb39c2dcb3c27f05de5eda96,GlobalMIVOD_6
e352a94f2bb1936d0a212129dc9248a5ca2d172f769cae80131a18a06d288626,Global\Thu Aug 10 03:25:11 2023
e3a578373e7edd873ce2d6c572ccbb29680855e92fe56788ba62361305645cbf,Global\SLDV02
e3d6121610045fe60622b262c378bb374ecc4502c05af319948c3bd1fce8eb5b,Mutex_ONLY_ME_V1
e3e8db9bea6fd1e3462534caf4087674d0c92da565005de49ed7e4d656a1bd54,Global\Mon Mar 22 09:16:00 2021
e3eaceb96e3ffbf8dd9b1da019a7309cbfd9b3df17ceb77d8806512a67b9204a,Global\SLDV13
e3f1acc6ef30e5ebc12362554b3ea251966384085f803f3be15bb1de27f38488,Global\Fri Aug 13 02:22:55 2021
e4b57100d0a63c5f8bbb91df46ab021116566fe4ec12410f46ebbe13d682ed85,Global\Wed Jun  2 09:43:03 2021
e4f0aabff311982d9f2e386234f093f57a53603fa744fe19e745e8494d823a67,Global\Mon Feb 27 08:11:25 2023
e5053e96e1064af4e49586f90781b2cc783571f78f5a4f5e7ab8fd3f3cd533d0,Global\GMCM1
e525fa4adb38b6fb604a9d1170271f2dfa05af71072655c9ff0d026b05539528,Global\GMCM1
e5305c2cb39fcd0fd80c880c8fd7cb9057baa28e1d067143671cfbe0c9dec2e4,Global\Mon Feb 27 08:11:25 2023
e5305c2cb39fcd0fd80c880c8fd7cb9057baa28e1d067143671cfbe0c9dec2e4,Global\Wed Mar  1 01:29:48 2023
e639abb7167b6412f69c9865f5ba7dee8478462bca7f64f30ce6df3d29c7db60,Global\Global1
e67f23915490381d1ee98aaefaedd5ca196dcf7bd49b81d5c7b978f8130d9f67,Global\SLDV17
e68c99d0426d5227d7e4288d8eaf91d888ae5ac4e027ed4f9a72b7c5cce41f42,Global\SLDV10
e6f2d2f9594552b0876c5ce414a4ff39ffa62cc7d0e1ac3062833a8a5f2c039c,Global\Wed Mar 23 08:56:01 2022
e6f3376071e854b0b40b05ed08112ee58fb3ad116795909a2b5ec27f57b31837,Mutex_ONLY_ME_V3
e70100e0fe766857c7194edc56e7db063f4b5ea1404cd933fb006eba1249a16d,PROCESS_
e70ad3a7e919279360114e77a606e99db8aa778422650eec80d638521e77e6e1,Global\GMCM1
e75d8cad24f4d9b2d6bf53b4ba3c56fdcd560b9635dadfa75be9922c77856a7e,Global\Wed Jan  5 09:15:56 2022
e7a8fc30f9a2b6b122d1c5ef43e218b944c91d43a5c8832846b9abb26e36f95b,Global\Tue Oct 10 08:07:11 2023
e7ddc57dd4863dda6ecb6464ffbab90145dd485ad0b48072e5a64b66991258a2,Global\Fri Aug 13 02:22:55 2021
e8058c499aa265db67abad5649403aa70e29c224d5f0c7edacd3195b4d5d2122,Global\Tue Oct 10 08:07:11 2023
e80a96ba185fde81fb75cf075818a7c4db295230eecf332eb09dbbc29eb3d389,Global\Wed Jun  2 09:43:03 2021
e82ea9432cee56ad43a76e96fe191ef1b1c2d59c3097911ab1f67d219a27ef36,Global\SLDV04
e846588b4361b7ea1a1d0f3f60aa280987e5c5010b795b8095fb317b7dadd2d0,Global\GMCM1
e86642cce809f7ca3e579c3916cd18fc7b9283e24e092da594b04849a24d845f,Global\Sun Jun 13 08:22:07 2021
e89b6653865b008a977c2b06aaf0d61f0ee4a70e3e499083f81520067ec6b8a9,Global\Mon Feb 27 08:11:25 2023
e8ce14455380cae0d0ff88264eab020a6afe13ab9cecf767a7f7243cb7691cd1,Global\Thu Aug 10 03:25:11 2023
e8d5b9d5993ca1c357c9dc3cad6266f03af0baf8378c43f4c54c987dceb0512c,Global\Sun Jun 13 08:22:07 2021
e952681644131a9d17463ff8b77bd073ebbc109a022c0e4a7acf2691ceede359,Global\Mon Feb 27 08:11:25 2023
ea1dbd4987ac0bede7d0ff4edbef329038a60b9bfb7d47d1f007345f03a3c906,Global\GMCM1
ea42f91eaf03baa99582bf358b57a41f480cf14b0c022c92a7461b2cfac7fbcd,PROCESS_
eacd129d4c8259a8136be88aa773263eab3ef4264ecee91a2de5090c3a6ba765,Global\SLDV02
eb480bd7cb3d8366f164b255e5bf473425f68e5baef51dfc4354e0a8444d7999,Global\SLDV13
eb907fce1e698facf8999bcf308e0f466989d908b7e09becf8c03b50697c8583,Global\GMCM1
ebed9421416b538018561f380470b025648e8da25f3d62fb9644bee176845266,Global\GMCM1
ec5e27cda8682fd33fc1608e543c274110a695bbf6fc1804c5bdbee10c300b61,Global\Mon Feb 27 08:11:25 2023
ec9c296304d1b6b32beedd62d210c39ade8a51e9cd92031cfb1b8b071735d791,Global\GMCM1
ecef26cd08013b06728b88b319885c4421dad3073d322f82b3f8cb797771a954,Global\Mon Apr 19 06:03:17 2021
ed18ea6c33d5a96b3d1a6db0cef6fde745029ed970e99dba30a9df226c299e21,PROCESS_
ed453257f4033219e7acec285d4f8526925c44cd91e3cec0fc1dd64dda1b0c7f,Global\Wed Jun  2 09:43:03 2021
ed4d8a7f4ad74618942d67894fb3c3a9897c0591bf031f77c395a25a34b9e61b,Global\Thu Mar 25 02:03:14 2021
ed5ff8819ab81322310424b3b265711eafe425e1dfc20d7be17d3d61ea5a0d33,Global\Mon Mar 22 09:16:00 2021
ed70d9db0ded621d998ea88d2952d34f01caef4c27355ede915fd478b1a66075,Global\GMCM1
edb898fa6ba3e77ab2ec3702f9ccf3ac324a9e824624f25db7c5e89d5b4490fc,Global\GMCM1
edeac67870b09b5666401a8017bcd24fd2a5284bc51fe5ab9c2d8104772f9f98,Global\SLDV10
edf93a05cf45010a5e40112e73cf5dd1f939ae22c504e05d4ccc99c5cd1de69d,Global\GMCM1
ee2d85c226822cd4ee1c26ac81c3b952098806bfc2bcd9399b02ce32807f4123,Global\Thu Mar 25 09:31:19 2021
ee4bbe5e5612166eeda373a6d7c19acf266396c40a6ae693b25b187d048fd7ff,Global\Mon Feb 27 08:11:25 2023
ef00b47872a604a7a4a0b10a22d0d7a29d5de4cd6abbc292bb5642be9dc8ce38,Global\Wed Mar  1 01:29:48 2023
ef07ef3db08e6e5fdbda44975938680d1235e21196fec28ede6dc9eba67caa3a,Global\GMCM1
efbbaaac9700512a0a490120f6d97113d2ffa9a79f0ad52ddbb1b2c7639c412b,Global\Mon Feb 27 08:11:25 2023
efbbaaac9700512a0a490120f6d97113d2ffa9a79f0ad52ddbb1b2c7639c412b,Global\Wed Mar  1 01:29:48 2023
f02bc4e7ea327a697942642fc1b7bb611732105354af5d3d8c71694f3541e406,Global\SLDV22
f071d2b59fc20946a382b8341274ee5e4c630d4c505f7517a1aa24e89b1a781b,PROCESS_
f09150e1f96409f78e982ad893b8dc1d8667aad3232de89f8c2016cf9d8ff49b,Global\SLDV04
f0ccfcb5d49d08e9e66b67bb3fedc476fdf5476a432306e78ddaaba4f8e3bbc4,Global\Tue Oct 10 08:07:11 2023
f12e366a365f0ed13c3d8b6592f523052f11f7738d44351b7566948ceb67217d,GlobalMIVOD_6
f18ff8e6ec5f9308321f46f0920628bf1d6b37726b621448142892ae108b49cb,Global\SLDV15
f1ec93afb3bd217f59384fc7e17e0dc5f7132626d5d4eb1ad6feea5af566ffc6,Global\Mon Feb 27 08:11:25 2023
f2271b550fcd03e63f3b8b3f3e0b13d9e2ee3e05ca25ffa899b3995830418a4a,Global\Wed Mar  1 01:29:48 2023
f2c028b84659ae3e964353db8c00e17dc3833e2900fcdf78546b5350002d60a1,Global\GMCM1
f2d858502c2291fcb6f9641951bdb0634e43524bb8b67bab2871fc6e8b3f7748,Global\MIVOD_6
f30e897e7ff806c58ca7942e81d74dc18761618bec685fda89b6209141b6b19c,PROCESS_
f31fbab5396c2dc852e700332a7a90dd63ee3144e820e94ee412d977c40b7606,Global\Wed Jun  2 09:43:03 2021
f32415503bb6c3ceedf57a28026d5f8e6a1ff4816e817200c8e7c5a4c1acddaf,Global\SLDV04
f32bcba64d6e568b1676921bc6dc80e37fcb4fdb717c64163d06b9f5036470bf,GlobalMIVOD_6
f33609504d22610e0f6bce15542817fca6a3716d51146109ae71d77f4660cc0c,Global\GMCM1
f3de56ce7c1461b671539ebe4eda9b01172befd4ff0e5651a90adefa7f886b32,Global\Wed Mar  1 01:29:48 2023
f4777e8cf22cc8ea6f13fda94d686a5045acf005472761ed61fc62db27c89278,GlobalMIVOD_6
f4c646faf67b14762095afceca5893ced96d3228e3f10bccd5dca5ae34d695f8,Global\GMCM1
f520e55af3dc15350799ed8dfc0eb6018a84561ea88a07f27abd8556a2f5e30f,Global\SLDV22
f559fda7752d570a6e322ee7abb1a93e167c17293d78f8bc62a59ebdceb2faa3,Global\GMCM1
f56999c26a21d42e6255932e035014030ad9757add10d2d79f1569ed67b886c8,Global\Mon Feb 27 08:11:25 2023
f5887ad2d6f32b36e98891564c9aa5b2242c78a7263386d3b6b04f400c02a341,Global\GMCM1
f5defd51c44a9f78f1db777ce2f1cf170d1b6da1b43c47dca06970313cabeae3,Global\GMCM1
f5e75c1e42592ce722fe64af7072c535bbb022a0ad1075d67d15937005204ca5,Global\GMCM1
f6a867c190688fde1d41e4326c28758ec43befc2d1cab46a4593fabff16a7c1e,Global\Thu Aug 10 03:25:11 2023
f6c115ad4683e3d61d1c53128a013888a7363046c1b689b25e9b064fda86ea32,Global\Wed Jan  5 09:15:56 2022
f7027635da0ce254a0a6467126f32abf12e976bd20fa287684bab0a59f30ad0d,Global\Thu Mar 25 09:31:19 2021
f718d14f15051c37d5c56823210589aab82219fbb3f0e837b8605354346069d1,Global\SLDV17
f7278b964b0af824d70f9e71aa3d7b653348bbf0587316bb8aa76d8793daf756,Global\SLDV17
f740a9f86a20d5056de4e969746b57031baa1be0f629c1359a9caea2c9eeffd9,Global\SLDV10
f74d56e73c9193cc99e168743150c933b0b37896f27d62580fe5e4b05c018c1c,Global\Mon Feb 27 08:11:25 2023
f776d201c733daca427fa8c284093a15dddbee459bd992ef66c2d084379fab7c,Global\SLDV02
f78623ff4d0f9a371f468c900f9ded2bf6e6af7a04dd3efcb362df60585fd39d,Global\Mon Mar 22 09:16:00 2021
f7d7cac8064ff24880b33870353dd61fff467cd45bb161f6417a76e6b500e81c,Global\Thu Mar 25 09:31:19 2021
f85f6cdc0ec42f480ec35baabe4228491d53c7bc63a9dee11894d0f118e98952,Global\Mon Feb 27 08:11:25 2023
f8716fc87b2dcf803c82754fe5afff9623df682dba3dcca83676ab47766f631f,Global\Global1
f8973858aea69cda92ff208cd2c761f3422ebc8f6254ee178fc95da5944e6244,Global\Tue Mar 23 02:37:32 2021
f8a98ac77a9c582f0e98f131854674a20ba01f4d404d9b3691f084eceadd0ea6,Global\Mutex_ONLY_ME_V3
f8a98ac77a9c582f0e98f131854674a20ba01f4d404d9b3691f084eceadd0ea6,Mutex_ONLY_ME_V3
f8aad92c61207bf352557ee70a3ca8b3d51771018af99bef11e3cee175f38b54,Global\Mon Apr 19 06:03:17 2021
f8e42b1abbccb20b30774469e28604d41bdc91a571d8a87b97b7a6b5f10fe42a,Global\Mon Feb 27 08:11:25 2023
f9d7ebea938311627b05572a47049b70ef1628ecd442bd71b8ab53d90d68d7aa,Global\Fri Aug 13 02:22:55 2021
fa134c5b02762f99d37112a3ed56cf28755f2f778df9aa4f326d1f2b779a29cc,Global\GMCM1
fa1691e5c5d82cd499ac677885c7038145b5b23e5e2e31c34eb7c6f22b5c45c4,Global\Wed Jan  5 09:15:56 2022
fa895d9e52938c3d08f2c54001a566056abbcf645cd16851776bbbe0bde18c81,Global\Mutex_ONLY_ME_V3
fa895d9e52938c3d08f2c54001a566056abbcf645cd16851776bbbe0bde18c81,Mutex_ONLY_ME_V3
fb094d0f47aa54773d18c2e7fd576f67db0f699d010d33964e5e3fda2d2369bf,Global\Thu Mar 25 02:03:14 2021
fb1dae944f047497039b9cb86f1f29b5a9a2d6c36d563141d5efa4e8dbf99c3c,GlobalMIVOD_6
fb205162be64a1ec7655026c51580796213c0d6e2b72289ef16d43ad14f9fb75,Global\SLDV15
fb37ca5a1b9d5bb821ba435f44fa28abcaca9f99499c2b5963fe7f8689e6a72b,Global\Wed Jun  2 09:43:03 2021
fc032292d1456d9de90972c8c7d1ae7e0e0de7d35214cd019347ae62849a941d,Global\Wed Jan  5 09:15:56 2022
fc225ca2330ef2e641a9f0934fef12edf019d22a96e4baa66810aa3cecc9e878,Global\Wed Mar  1 01:29:48 2023
fc737b176f4a344abda3e337354ecb594c979579c85335aa9a6b7aa1736f5c9e,Global\Thu Mar 25 02:03:14 2021
fcdd6b925a5955c1ef9e51e68e98b4e6eaa6ee7b4e8f5812fe033d6f1e7f8819,Global\Mutex_ONLY_ME_V3
fcdd6b925a5955c1ef9e51e68e98b4e6eaa6ee7b4e8f5812fe033d6f1e7f8819,Mutex_ONLY_ME_V3
fd04773efd6747833131d0b2d0d83861c33df6898a8906962ba9a90502208c23,Global\SLDV26
fd5f936e172b465ad6a982ae4e73e46ec4c965e9b40e95ca6d20766cd2cadc8c,Global\SLDV15
fd822043cc3288389f5b9ed446b1c7aae142fe5a1a34118ce631f817bc43604d,PROCESS_
fdbe926e5443618ed2a58914423c663feaf7396a92ab52fe2baf9aa53b395903,Global\GMCM1
fdc83e899b7c5e68e263ae9ad5edd1a43cdd1f3cb04d86663986ac8f8eadd108,Global\Fri Aug 13 02:22:55 2021
fde8e3f30682be3d3d1c0c5a7d1fd700a00fc6f212f1ee700ffe1dff000f0980,Global\GMCM1
fdfad348bdb46959f73d3663de0ff11f8504afb0cfbde7bcc0aeaa64209c5373,Global\Mon Feb 27 08:11:25 2023
fe2503d69623f246d3d22dbe924567359c17bb319868d886157bb7a4234e7b36,Global\SLDV10
fe35ca27f5d935fd694f72028edd1f313839dbe297f70d0db08165289a3a7d7d,Global\Global1
fefe21f6a2bd1223db97e659716c48cbf0f41fae09f5cc77fee27bf4e58a4a24,Global\SLDV26
ff1129559c3fe1838b11ef21b5352c3ab0ae0310476c57e7f0ab299fd7d3f757,Global\Wed Jan  5 09:15:56 2022
ff15669380ff7a8fda8881057666e92784a9eaaeb5ac43ae75c9734542fcec57,Global\SLDV04
ff23f50255a04fe005bf20bf35d4a6090a81e8d8b684c0ed540add72a7aa05e2,Global\Mutex_ONLY_ME_V3
ff23f50255a04fe005bf20bf35d4a6090a81e8d8b684c0ed540add72a7aa05e2,Mutex_ONLY_ME_V3
ff339d9c47431ca9c46cd63c682ff21574e77b20ed59ea29ab88172f5483b512,Global\Mon Mar 22 09:16:00 2021
ff884d4c01fccf08a916f1e7168080a2d740a62a774f18e64f377d23923b0297,Mutex_ONLY_ME_V1
