sha256,md5,sha1
07beca60c0a50520b8dbc0b8cc2d56614dd48fef0466f846a0a03afbfc42349d,ca3dabc60d856998e019be2bda60493f,ff8678cdc62494f84b5b8755ef8201502c345fa4
1c31d06cbdf961867ec788288b74bee0db7f07a75ae06d45d30355c0bc7b09fe,ee85e173ae8624365dbcd16d55f25588,9b15c85e31eff8b269b4155f642d2eea36fef99c
1fbc562b08637a111464ba182cd22b1286a185f7cfba143505b99b07313c97a4,cf87d566bc28f8bf36bf1ded84d69c1f,cc4c217ea65467ba4430951c7fb356ab7bc18b59
294b73d38b89ce66cfdefa04b1678edf1b74a9b7f50343d9036a5d549ade509a,243bc2e3ac74d4516cc5874b3c78038f,6155c5fd915b6eaecd78d2f082979c5c8f346cb0
31dfba1b102bbf4092b25e63aae0f27386c480c10191c96c04295cb284f20878,de4c57d614a482aa25df320992767cc1,57753f0a38b802c49d5b6880253dbbe28ce13adc
3515113e7127dc41fb34c447f35c143f1b33fd70913034742e44ee7a9dc5cc4c,43f5a32fa972b786b47d18f54381b1f6,778b8461ec4c3da0c370feb9c467591617719959
357009a70daacfc3379560286a134b89e1874ab930d84edb2d3ba418f7ad6a0b,5c6dee012a248ae3d37ab670772197f5,2f8e6f072498b8e1e7da4cad93a289205341fb79
364984e8d62eb42fd880755a296bd4a93cc071b9705c1f1b43e4c19dd84adc65,f2701c1fc6f412c07020ca7e1e964966,183ec331a9ea2a5366693c4d4ca308bf3e185f19
487624b44b43dacb45fd93d03e25c9f6d919eaa6f01e365bb71897a385919ddd,85c07f796669fafca131040fdb1c3475,ae17a91c02be20129bd1714103b07a008dbcd364
4dfd082eee771b7801b2ddcea9680457f76d4888c64bb0b45d4ea616f0a47f21,756f0ba9fe8f47bd4963d3f4c0b975df,e89bbe49bc648d36c2fbff5ab232bd9afafe8bbf
6305d66aac77098107e3aa6d85af1c2e3fc2bb1f639e4a9da619c8409104c414,331c9ae049b2ede6a42fc1fdf5c1c06f,4204fefa87ff3e5f04b18432976c46b6fe36500a
74d7f1af69fb706e87ff0116b8e4fa3a9b87275505e2ee7a32a8628a2d066549,78857b4821d9590d406b3d1b6bc0bd9b,a78d792f9ab2e94ccd7710a43ad4bf2bb0cbf4b2
7a1554fe1c504786402d97edecc10c3aa12bd6b7b7b101cfc7a009ae88dd99c6,4c8b7db2184d2952d3e4dabd94220fd3,47d7135b31d9b4cfd000e0634c5bfe8a96968861
7f1221c613b9de2da62da613b8b7c9afde2ea026fe6b88198a65c9485ded7b3d,43227a02000a75182cbbe1b7711a7689,ffafeeb8f49b1b21cab986fbad2e628ef031fe0f
8446d4fc1310b31238f9a610cd25ea832925a25e758b9a41eea66f998163bb34,6890e6e6ecfcd14e5ccd269e885a4c1c,c902785e312ad1a28a7719dd2edef7d2168a5100
8e96d15864ec0cc6d3976d87e9e76e6eeccc23c551b22dcfacb60232773ec049,4bc0036b556116ad030296d8fae96925,0c06df39db322bf4650efbf6f8e5fbafe1936ef9
af9f1331ac671d241bf62240aa52389059b4071a0635cb9cb58fa78ab942a33b,2968c77d176140925689df4d9aeedc7a,fbc5986ca3d9448501d9453ed4fbb7b4ccb52a48
b0f94d84888dffacbc10bd7f9983b2d681b55d7e932c2d952d47ee606058df54,d34d74d4849fe6bdb48b0ba230d6cd8c,23c76feb4adc5f9422b06383c1f90b84ae3fdcc5
c3122448ae3b21ac2431d8fd523451ff25de7f6e399ff013d6fa6953a7998fa3,74c285f86406dfa87673a95a41900dc3,4bd7f794815a61b57a33d71ca745e9221d65f7a4
de48abe380bd84b5dc940743ad6727d0372f602a8871a4a0ae2a53b15e1b1739,8c0f558e8f0481331d66b54b8e82dec1,5aab2fe102b757a0dbaa66a54b4d31fb110e5e4f
e0dd8af1b70f47374b0714e3b368e20dbcfa45c6fe8f4a2e72314f4cd3ef16ee,572b5b1e9b84adc60655c4b8c7c3e6af,4e8c22ee9539a7f0d42e12bcef16a5d7e1191534
f0ccfcb5d49d08e9e66b67bb3fedc476fdf5476a432306e78ddaaba4f8e3bbc4,30f9e0d5c865b56c6f48741146e4464e,ff36cf1076331bd55a44410904e82c4ecf53de6e
f656a418fca7c4275f2441840faaeb70947e4f39d3826d6d2e50a3e7b8120e4e,431f11acfde99c9f15dda9ea16bd5391,411abaf231cc6141f185e6aaaa1f5857f0487809
ff884d4c01fccf08a916f1e7168080a2d740a62a774f18e64f377d23923b0297,f5326de87f0d4669f591ddae3dca8ea4,7dd2534d5c1600072acd8c4d5c41a3ba6a3c6112
